--
-- PostgreSQL database dump
--

-- Dumped from database version 16.2 (Homebrew)
-- Dumped by pg_dump version 16.2 (Homebrew)

SET statement_timeout = 0;
SET lock_timeout = 0;
SET idle_in_transaction_session_timeout = 0;
SET client_encoding = 'UTF8';
SET standard_conforming_strings = on;
SELECT pg_catalog.set_config('search_path', '', false);
SET check_function_bodies = false;
SET xmloption = content;
SET client_min_messages = warning;
SET row_security = off;

SET default_table_access_method = heap;

--
-- Name: locations; Type: TABLE; Schema: public; Owner: -
--

CREATE TABLE public.locations (
    id integer NOT NULL,
    suppl_address character varying,
    address character varying,
    arrondissement character varying,
    geolocation character varying
);


--
-- Name: locations_id_seq; Type: SEQUENCE; Schema: public; Owner: -
--

CREATE SEQUENCE public.locations_id_seq
    AS integer
    START WITH 1
    INCREMENT BY 1
    NO MINVALUE
    NO MAXVALUE
    CACHE 1;


--
-- Name: locations_id_seq; Type: SEQUENCE OWNED BY; Schema: public; Owner: -
--

ALTER SEQUENCE public.locations_id_seq OWNED BY public.locations.id;


--
-- Name: taxonomy; Type: TABLE; Schema: public; Owner: -
--

CREATE TABLE public.taxonomy (
    id integer NOT NULL,
    name_id integer,
    genre_id integer,
    species_id integer,
    variety_id integer
);


--
-- Name: taxonomy_id_seq; Type: SEQUENCE; Schema: public; Owner: -
--

CREATE SEQUENCE public.taxonomy_id_seq
    AS integer
    START WITH 1
    INCREMENT BY 1
    NO MINVALUE
    NO MAXVALUE
    CACHE 1;


--
-- Name: taxonomy_id_seq; Type: SEQUENCE OWNED BY; Schema: public; Owner: -
--

ALTER SEQUENCE public.taxonomy_id_seq OWNED BY public.taxonomy.id;


--
-- Name: tree_domains; Type: TABLE; Schema: public; Owner: -
--

CREATE TABLE public.tree_domains (
    id integer NOT NULL,
    domain character varying
);


--
-- Name: tree_domains_id_seq; Type: SEQUENCE; Schema: public; Owner: -
--

CREATE SEQUENCE public.tree_domains_id_seq
    AS integer
    START WITH 1
    INCREMENT BY 1
    NO MINVALUE
    NO MAXVALUE
    CACHE 1;


--
-- Name: tree_domains_id_seq; Type: SEQUENCE OWNED BY; Schema: public; Owner: -
--

ALTER SEQUENCE public.tree_domains_id_seq OWNED BY public.tree_domains.id;


--
-- Name: tree_genres; Type: TABLE; Schema: public; Owner: -
--

CREATE TABLE public.tree_genres (
    id integer NOT NULL,
    genre character varying(255) NOT NULL
);


--
-- Name: tree_genres_id_seq; Type: SEQUENCE; Schema: public; Owner: -
--

CREATE SEQUENCE public.tree_genres_id_seq
    AS integer
    START WITH 1
    INCREMENT BY 1
    NO MINVALUE
    NO MAXVALUE
    CACHE 1;


--
-- Name: tree_genres_id_seq; Type: SEQUENCE OWNED BY; Schema: public; Owner: -
--

ALTER SEQUENCE public.tree_genres_id_seq OWNED BY public.tree_genres.id;


--
-- Name: tree_names; Type: TABLE; Schema: public; Owner: -
--

CREATE TABLE public.tree_names (
    id integer NOT NULL,
    name character varying(255) NOT NULL
);


--
-- Name: tree_names_id_seq; Type: SEQUENCE; Schema: public; Owner: -
--

CREATE SEQUENCE public.tree_names_id_seq
    AS integer
    START WITH 1
    INCREMENT BY 1
    NO MINVALUE
    NO MAXVALUE
    CACHE 1;


--
-- Name: tree_names_id_seq; Type: SEQUENCE OWNED BY; Schema: public; Owner: -
--

ALTER SEQUENCE public.tree_names_id_seq OWNED BY public.tree_names.id;


--
-- Name: tree_species; Type: TABLE; Schema: public; Owner: -
--

CREATE TABLE public.tree_species (
    id integer NOT NULL,
    species character varying(255) NOT NULL
);


--
-- Name: tree_species_id_seq; Type: SEQUENCE; Schema: public; Owner: -
--

CREATE SEQUENCE public.tree_species_id_seq
    AS integer
    START WITH 1
    INCREMENT BY 1
    NO MINVALUE
    NO MAXVALUE
    CACHE 1;


--
-- Name: tree_species_id_seq; Type: SEQUENCE OWNED BY; Schema: public; Owner: -
--

ALTER SEQUENCE public.tree_species_id_seq OWNED BY public.tree_species.id;


--
-- Name: tree_stages; Type: TABLE; Schema: public; Owner: -
--

CREATE TABLE public.tree_stages (
    id integer NOT NULL,
    stage character varying
);


--
-- Name: tree_stages_id_seq; Type: SEQUENCE; Schema: public; Owner: -
--

CREATE SEQUENCE public.tree_stages_id_seq
    AS integer
    START WITH 1
    INCREMENT BY 1
    NO MINVALUE
    NO MAXVALUE
    CACHE 1;


--
-- Name: tree_stages_id_seq; Type: SEQUENCE OWNED BY; Schema: public; Owner: -
--

ALTER SEQUENCE public.tree_stages_id_seq OWNED BY public.tree_stages.id;


--
-- Name: tree_varieties; Type: TABLE; Schema: public; Owner: -
--

CREATE TABLE public.tree_varieties (
    id integer NOT NULL,
    variety character varying(255) NOT NULL
);


--
-- Name: tree_varieties_id_seq; Type: SEQUENCE; Schema: public; Owner: -
--

CREATE SEQUENCE public.tree_varieties_id_seq
    AS integer
    START WITH 1
    INCREMENT BY 1
    NO MINVALUE
    NO MAXVALUE
    CACHE 1;


--
-- Name: tree_varieties_id_seq; Type: SEQUENCE OWNED BY; Schema: public; Owner: -
--

ALTER SEQUENCE public.tree_varieties_id_seq OWNED BY public.tree_varieties.id;


--
-- Name: trees; Type: TABLE; Schema: public; Owner: -
--

CREATE TABLE public.trees (
    idbase integer,
    id_location_legacy character varying,
    circumference integer,
    height integer,
    id integer NOT NULL,
    remarkable boolean,
    diameter double precision,
    domain_id integer,
    stage_id integer,
    taxonomy_id integer,
    location_id integer
);


--
-- Name: trees_id_seq; Type: SEQUENCE; Schema: public; Owner: -
--

CREATE SEQUENCE public.trees_id_seq
    AS integer
    START WITH 1
    INCREMENT BY 1
    NO MINVALUE
    NO MAXVALUE
    CACHE 1;


--
-- Name: trees_id_seq; Type: SEQUENCE OWNED BY; Schema: public; Owner: -
--

ALTER SEQUENCE public.trees_id_seq OWNED BY public.trees.id;


--
-- Name: version; Type: TABLE; Schema: public; Owner: -
--

CREATE TABLE public.version (
    id integer NOT NULL,
    version character varying NOT NULL,
    description character varying,
    current boolean DEFAULT false NOT NULL
);


--
-- Name: version_id_seq; Type: SEQUENCE; Schema: public; Owner: -
--

CREATE SEQUENCE public.version_id_seq
    AS integer
    START WITH 1
    INCREMENT BY 1
    NO MINVALUE
    NO MAXVALUE
    CACHE 1;


--
-- Name: version_id_seq; Type: SEQUENCE OWNED BY; Schema: public; Owner: -
--

ALTER SEQUENCE public.version_id_seq OWNED BY public.version.id;


--
-- Name: locations id; Type: DEFAULT; Schema: public; Owner: -
--

ALTER TABLE ONLY public.locations ALTER COLUMN id SET DEFAULT nextval('public.locations_id_seq'::regclass);


--
-- Name: taxonomy id; Type: DEFAULT; Schema: public; Owner: -
--

ALTER TABLE ONLY public.taxonomy ALTER COLUMN id SET DEFAULT nextval('public.taxonomy_id_seq'::regclass);


--
-- Name: tree_domains id; Type: DEFAULT; Schema: public; Owner: -
--

ALTER TABLE ONLY public.tree_domains ALTER COLUMN id SET DEFAULT nextval('public.tree_domains_id_seq'::regclass);


--
-- Name: tree_genres id; Type: DEFAULT; Schema: public; Owner: -
--

ALTER TABLE ONLY public.tree_genres ALTER COLUMN id SET DEFAULT nextval('public.tree_genres_id_seq'::regclass);


--
-- Name: tree_names id; Type: DEFAULT; Schema: public; Owner: -
--

ALTER TABLE ONLY public.tree_names ALTER COLUMN id SET DEFAULT nextval('public.tree_names_id_seq'::regclass);


--
-- Name: tree_species id; Type: DEFAULT; Schema: public; Owner: -
--

ALTER TABLE ONLY public.tree_species ALTER COLUMN id SET DEFAULT nextval('public.tree_species_id_seq'::regclass);


--
-- Name: tree_stages id; Type: DEFAULT; Schema: public; Owner: -
--

ALTER TABLE ONLY public.tree_stages ALTER COLUMN id SET DEFAULT nextval('public.tree_stages_id_seq'::regclass);


--
-- Name: tree_varieties id; Type: DEFAULT; Schema: public; Owner: -
--

ALTER TABLE ONLY public.tree_varieties ALTER COLUMN id SET DEFAULT nextval('public.tree_varieties_id_seq'::regclass);


--
-- Name: trees id; Type: DEFAULT; Schema: public; Owner: -
--

ALTER TABLE ONLY public.trees ALTER COLUMN id SET DEFAULT nextval('public.trees_id_seq'::regclass);


--
-- Name: version id; Type: DEFAULT; Schema: public; Owner: -
--

ALTER TABLE ONLY public.version ALTER COLUMN id SET DEFAULT nextval('public.version_id_seq'::regclass);


--
-- Data for Name: locations; Type: TABLE DATA; Schema: public; Owner: -
--

COPY public.locations (id, suppl_address, address, arrondissement, geolocation) FROM stdin;
140837	\N	PLACE MAZAS	PARIS 12E ARRDT	(2.367586740939925,48.84501606433637)
163560	\N	RUE CROZATIER	PARIS 12E ARRDT	(2.378667619467397,48.85047040007)
56870	\N	AVENUE D IVRY	PARIS 13E ARRDT	(2.3683828494642216,48.82204618452535)
58784	\N	RUE ROBERT HOUDIN	PARIS 11E ARRDT	(2.375360186273558,48.87089024312569)
58930	\N	PLACE DE LA BATAILLE DE STALINGRAD	PARIS 19E ARRDT	(2.3705181711547048,48.88346084350043)
63786	\N	RUE DU COMMANDANT L HERMINIER	PARIS 20E ARRDT	(2.4163316527223504,48.849051505289545)
69843	N°1	PLACE D ALLERAY	PARIS 15E ARRDT	(2.3061660539316935,48.83652210115159)
70059	N°140	RUE SAINT CHARLES	PARIS 15E ARRDT	(2.2823981677094993,48.84313604876601)
70838	TPC FN°51	BOULEVARD DE VAUGIRARD	PARIS 15E ARRDT	(2.316824842667139,48.841015934504576)
71819	\N	QUAI DU MARCHE NEUF	PARIS 4E ARRDT	(2.3456853253079597,48.8540201136953)
72697	\N	AVENUE DE LA PORTE D AUTEUIL	PARIS 16E ARRDT	(2.2475728151032235,48.84794887394361)
74043	\N	BOULEVARD D AUTEUIL	PARIS 16E ARRDT	(2.246811373440707,48.846591984336975)
74250	N°10	BOULEVARD PASTEUR	PARIS 15E ARRDT	(2.3111050383183867,48.84437229420241)
79013	50	BOULEVARD LEFEBVRE	PARIS 15E ARRDT	(2.2941444767632575,48.83017304654988)
80101	\N	PLACE DU GENERAL CATROUX	PARIS 17E ARRDT	(2.3113572591023837,48.88233199820482)
80397	\N	RUE VERCINGETORIX	PARIS 14E ARRDT	(2.3097811984253984,48.83178577141019)
81371	\N	AVENUE DE LA PORTE D AUTEUIL	PARIS 16E ARRDT	(2.2504289309474723,48.8480691710195)
87115	\N	BOULEVARD ARAGO	PARIS 13E ARRDT	(2.3508930964023222,48.83656592342618)
89294	\N	COURS LA REINE	PARIS 8E ARRDT	(2.314663308874686,48.864753022892266)
92186	\N	RUE BOBILLOT	PARIS 13E ARRDT	(2.3499823535335063,48.82552288907883)
98898	\N	AVENUE CLAUDE VELLEFAUX	PARIS 10E ARRDT	(2.370432642539218,48.8742726022585)
101777	N°43	BOULEVARD PASTEUR	PARIS 15E ARRDT	(2.313280700691687,48.84248773602112)
105408	N°74	BOULEVARD PASTEUR	PARIS 15E ARRDT	(2.3153573540516788,48.83988553660831)
105446	\N	RUE GOUTHIERE	PARIS 13E ARRDT	(2.3513139106650636,48.82032957192537)
109344	166	RUE DE BAGNOLET	PARIS 20E ARRDT	(2.4075667172827058,48.863516291922565)
109744	FN°35	QUAI ANDRE CITROEN	PARIS 15E ARRDT	(2.279025088247957,48.84765240635154)
110522	\N	RUE CROZATIER	PARIS 12E ARRDT	(2.3789381943959276,48.85013318556606)
111919	\N	AVENUE D IVRY	PARIS 13E ARRDT	(2.368412645211619,48.82189472213781)
113300	FN° 37	QUAI DE GRENELLE	PARIS 15E ARRDT	(2.2858478347900557,48.852152241623536)
114833	\N	BOULEVARD SUCHET	PARIS 16E ARRDT	(2.265670726949639,48.85869505882943)
124232	\N	RUE AUGUSTE PERRET	PARIS 13E ARRDT	(2.3605016637208585,48.82506463615587)
125209	\N	AVENUE VICTOR HUGO	PARIS 16E ARRDT	(2.289915964174803,48.87152743658724)
125878	\N	AVENUE INGRES	PARIS 16E ARRDT	(2.267772889274633,48.8573393685609)
126491	\N	RUE DE CRIMEE	PARIS 19E ARRDT	(2.3916582297707043,48.87784525227935)
138976	\N	BOULEVARD MORLAND	PARIS 4E ARRDT	(2.3633492638884586,48.85001445544931)
138997	\N	RUE DES COURONNES	PARIS 20E ARRDT	(2.38552302129835,48.87025107241727)
139022	\N	RUE ALPHONSE BAUDIN	PARIS 11E ARRDT	(2.370415425824091,48.86086771887811)
139023	\N	QUAI DE LA SEINE	PARIS 19E ARRDT	(2.3730859679357175,48.88587390015669)
139037	49	BOULEVARD DU GENERAL MARTIAL VALIN	PARIS 15E ARRDT	(2.274287988458423,48.837182556205185)
139038	\N	RUE LOUISE WEISS	PARIS 13E ARRDT	(2.370602813985862,48.833408520491126)
139048	\N	RUE D ARCOLE	PARIS 4E ARRDT	(2.3495161119258614,48.85418040370564)
139153	TPC	QUAI BRANLY	PARIS 7E ARRDT	(2.297287924349961,48.86150262864591)
139179	\N	PLACE DES FETES	PARIS 19E ARRDT	(2.3939537398983313,48.87699409380791)
139203	\N	AVENUE DE LA PORTE D AUTEUIL	PARIS 16E ARRDT	(2.2471211885444746,48.84809802518568)
139213	N°6	RUE GERBERT	PARIS 15E ARRDT	(2.2982512261438743,48.83931536721992)
139237	81	RUE ORDENER	PARIS 18E ARRDT	(2.348526166477992,48.89170151070002)
139261	11	RUE JEAN COCTEAU	PARIS 18E ARRDT	(2.3495507013199206,48.8995155449956)
139271	18 (FACE)	PLACE DU GENERAL CATROUX	PARIS 17E ARRDT	(2.3105512260818455,48.882731219591996)
139274	N°28	BOULEVARD DE DOUAUMONT	PARIS 17E ARRDT	(2.306062329563935,48.89522597689409)
139330	4	RUE LEROY GOURHAN	PARIS 15E ARRDT	(2.2938162424567965,48.85200154895887)
139346	\N	RUE HENRI HUCHARD	PARIS 18E ARRDT	(2.335267946986532,48.8991738638685)
139366	N°16	RUE DE CRONSTADT	PARIS 15E ARRDT	(2.302051307705676,48.83455728637536)
139400	\N	RUE EUGENIE EBOUE	PARIS 12E ARRDT	(2.386089731666567,48.84578377846181)
139402	N°46	BOULEVARD PASTEUR	PARIS 15E ARRDT	(2.3133258669351626,48.8415697068323)
139411	N°22	RUE DE CRONSTADT	PARIS 15E ARRDT	(2.3017577295632656,48.83418016070569)
139418	N°116	RUE DE LOURMEL	PARIS 15E ARRDT	(2.2858108544549616,48.84256538995886)
139433	TPC FN°39	BOULEVARD DE VAUGIRARD	PARIS 15E ARRDT	(2.317518357847999,48.84121881696306)
139502	\N	RUE DE MEAUX	PARIS 19E ARRDT	(2.3721740023594386,48.87979045228841)
139535	\N	AVENUE DE LA SIBELLE	PARIS 14E ARRDT	(2.338111698784945,48.82528113896208)
139560	99	RUE ORDENER	PARIS 18E ARRDT	(2.346059584200809,48.89215701073197)
139562	\N	ALLEE ARTHUR HONEGGER	PARIS 19E ARRDT	(2.393988999622936,48.887098015163595)
139574	11	RUE MASSERAN	PARIS 7E ARRDT	(2.3144237602936295,48.848222197864274)
139584	\N	RUE JULIEN LACROIX	PARIS 20E ARRDT	(2.383893403021766,48.87071019412459)
139613	\N	QUAI DE LA SEINE	PARIS 19E ARRDT	(2.3737518311628385,48.886204448634594)
139615	f83	PLACE DU PRESIDENT EDOUARD HERRIOT	PARIS 7E ARRDT	(2.3191404080443068,48.86078128003413)
139637	f10	RUE MILTON	PARIS 9E ARRDT	(2.3406822281039137,48.877475197177354)
139639	\N	BOULEVARD ARAGO	PARIS 13E ARRDT	(2.349661595165858,48.83617700641498)
139646	TPC FN°29	BOULEVARD PASTEUR	PARIS 15E ARRDT	(2.3124090713180703,48.84336211321334)
139662	N°51	RUE D ALLERAY	PARIS 15E ARRDT	(2.304830146945486,48.836633933148974)
139664	FN°13	QUAI ANDRE CITROEN	PARIS 15E ARRDT	(2.280521021981667,48.84870867834457)
139713	\N	RUE GUY MOQUET	PARIS 17E ARRDT	(2.325523293220778,48.89254072054592)
139762	66	RUE GUY MOQUET	PARIS 17E ARRDT	(2.326292918491914,48.89270738728473)
139763	24	RUE DES ECLUSES SAINT MARTIN	PARIS 10E ARRDT	(2.366380267901697,48.87708558007465)
139764	77	BOULEVARD ARAGO	PARIS 14E ARRDT	(2.3376903509808864,48.83450167046972)
139770	\N	AVENUE DE LA PORTE DE MONTMARTRE	PARIS 18E ARRDT	(2.33584068546895,48.900153937695144)
139796	1	RUE CORBINEAU	PARIS 12E ARRDT	(2.381504260781353,48.838778817535974)
139820	N°4	BOULEVARD PASTEUR	PARIS 15E ARRDT	(2.310766732856055,48.844804023848134)
139840	\N	AVENUE GABRIEL	PARIS 8E ARRDT	(2.319159545084968,48.86743377254346)
139855	43	BOULEVARD DU GENERAL MARTIAL VALIN	PARIS 15E ARRDT	(2.2737003011622225,48.83730131764115)
139858	94-102	RUE DES VIGNOLES	PARIS 20E ARRDT	(2.4028157944932045,48.856234198510606)
139869	N°110	AVENUE FELIX FAURE	PARIS 15E ARRDT	(2.281594835012491,48.83867080221444)
139877	5, unesco	PLACE DE FONTENOY - UNESCO	PARIS 7E ARRDT	(2.3064878875561647,48.85038258480446)
139916	N°26	RUE DE CRONSTADT	PARIS 15E ARRDT	(2.301624117138367,48.83400717115083)
139950	\N	AVENUE GEORGES MANDEL	PARIS 16E ARRDT	(2.279783376601319,48.86364204602944)
139955	3	RUE GEORGE BERNARD SHAW	PARIS 15E ARRDT	(2.293068496486948,48.852369275268465)
139965	\N	BOULEVARD KELLERMANN	PARIS 13E ARRDT	(2.356106400999281,48.820560032528924)
140002	sn	RUE LUCIEN LAMBEAU	PARIS 20E ARRDT	(2.413423162446921,48.857817005194704)
140005	\N	QUAI DU MARCHE NEUF	PARIS 4E ARRDT	(2.3452693782850966,48.85417375312245)
140008	\N	PLACE PROSPER GOUBAUX	PARIS 17E ARRDT	(2.3157012829685977,48.88148527230196)
140039	\N	RUE DES BOIS	PARIS 19E ARRDT	(2.3982628576988834,48.87836337833619)
140043	N°25	RUE DE CRONSTADT	PARIS 15E ARRDT	(2.3018690361346583,48.834081516829514)
140058	38	BOULEVARD DE MAGENTA	PARIS 10E ARRDT	(2.3599760075514222,48.87211249682244)
140079	14	RUE CHALIGNY	PARIS 12E ARRDT	(2.3837430202622367,48.84632528455203)
140090	\N	AVENUE HOCHE	PARIS 8E ARRDT	(2.304156781211217,48.87766496863235)
140105	\N	RUE FULTON	PARIS 13E ARRDT	(2.3713083583928998,48.8381683494366)
140154	\N	RUE DUNOIS	PARIS 13E ARRDT	(2.3666555545676218,48.83286901524585)
140165	N°50	RUE DE LA PROCESSION	PARIS 15E ARRDT	(2.3081638303626604,48.83736116369725)
140173	\N	RUE LAUZIN	PARIS 19E ARRDT	(2.3782553715719383,48.87610058826037)
140175	N°5	RUE DE CRONSTADT	PARIS 15E ARRDT	(2.302537522146511,48.834941986728104)
140180	\N	BOULEVARD ARAGO	PARIS 14E ARRDT	(2.3360666283348097,48.83464235871646)
140197	C4	ESPLANADE DES INVALIDES	PARIS 7E ARRDT	(2.3146450978788393,48.859780170415114)
140198	\N	RUE DU COMMANDANT L HERMINIER	PARIS 20E ARRDT	(2.4163696167506905,48.84882666010856)
140208	\N	ALLEE ARTHUR HONEGGER	PARIS 19E ARRDT	(2.3940617165042455,48.887182124494686)
140217	45	QUAI D ORSAY	PARIS 7E ARRDT	(2.3097431101701598,48.86248053605455)
140225	11	AVENUE HOCHE	PARIS 8E ARRDT	(2.3033603840064574,48.87716339446593)
140234	7	BOULEVARD DE BERCY	PARIS 12E ARRDT	(2.3806873589003756,48.84031787960355)
140237	sn	RUE LUCIEN LAMBEAU	PARIS 20E ARRDT	(2.413368619117715,48.85779793252237)
140253	\N	RUE DE LAGNY	PARIS 20E ARRDT	(2.413378499677006,48.849222595843344)
140277	\N	PORT DES SAINTS PERES / QUAI VOLTAIRE	PARIS 7E ARRDT	(2.3305613846405264,48.85928841270004)
140278	92	RUE ORDENER	PARIS 18E ARRDT	(2.3427456594162788,48.8928066174148)
140296	\N	AVENUE DE LA PORTE D AUTEUIL	PARIS 16E ARRDT	(2.247080570629539,48.8479540378637)
140330	tpc	QUAI BRANLY	PARIS 7E ARRDT	(2.299199868130643,48.86210410113911)
140336	TPC FN°41	BOULEVARD PASTEUR	PARIS 15E ARRDT	(2.3130173052761878,48.842453634276595)
140338	TPC FN°24	BOULEVARD PASTEUR	PARIS 15E ARRDT	(2.312697361968062,48.84258890761345)
140340	\N	AVENUE DE MALAKOFF	PARIS 16E ARRDT	(2.2834686294530844,48.87662351161694)
140347	\N	BOULEVARD ARAGO	PARIS 13E ARRDT	(2.3477636616070994,48.83557167623289)
140375	f75	QUAI D ORSAY	PARIS 7E ARRDT	(2.3044428823552905,48.86236760721165)
140379	\N	PLACE SOUHAM	PARIS 13E ARRDT	(2.367579272891321,48.8286999278797)
140393	\N	RUE HENRI MICHAUX	PARIS 13E ARRDT	(2.3544380672819614,48.82696530509379)
140396	\N	BOULEVARD KELLERMANN	PARIS 13E ARRDT	(2.352291986770185,48.821124209419125)
140403	20	RUE ERASME	PARIS 5E ARRDT	(2.3445758457790666,48.84265732291542)
140412	N°161	ROND POINT SAINT CHARLES	PARIS 15E ARRDT	(2.281849929013486,48.84223278784161)
140431	TPC FN°67	BOULEVARD PASTEUR	PARIS 15E ARRDT	(2.3146986463355357,48.84080472935451)
140463	55	BOULEVARD LEFEBVRE	PARIS 15E ARRDT	(2.2919797972215776,48.831265352849805)
140472	85	QUAI D ORSAY	PARIS 7E ARRDT	(2.3031387389097286,48.862284121422206)
140507	\N	AVENUE DU PRESIDENT KENNEDY	PARIS 16E ARRDT	(2.282880170137409,48.854069498153805)
140537	TPC FN°10	BOULEVARD PASTEUR	PARIS 15E ARRDT	(2.311248027368357,48.84442260506962)
140562	\N	AVENUE SIMON BOLIVAR	PARIS 19E ARRDT	(2.373538244843759,48.8810048466958)
140633	\N	RUE DU BUIS	PARIS 16E ARRDT	(2.2676240269666845,48.847421882364884)
140717	25	RUE CROZATIER	PARIS 12E ARRDT	(2.381821162162648,48.84652025199394)
140747	\N	RUE THOMAS MANN	PARIS 13E ARRDT	(2.379517932609762,48.829774268462515)
140795	\N	AVENUE DE LA PORTE D AUTEUIL	PARIS 16E ARRDT	(2.2500209947032856,48.84807434099539)
140906	\N	BOULEVARD EXELMANS	PARIS 16E ARRDT	(2.266826023296738,48.84020667610781)
140988	\N	AVENUE DE LA PORTE DE MONTMARTRE	PARIS 18E ARRDT	(2.3357930529466935,48.899558587112075)
141006	N°19	RUE DE CRONSTADT	PARIS 15E ARRDT	(2.3021989401969973,48.83450608840674)
141017	37	BOULEVARD DE PORT ROYAL	PARIS 13E ARRDT	(2.3457385074205437,48.83748105981649)
141020	8	RUE MARCEL DUBOIS	PARIS 12E ARRDT	(2.4063434073570775,48.83417672226214)
141067	\N	BOULEVARD DE L HOPITAL	PARIS 13E ARRDT	(2.35761092245862,48.834535189905644)
141069	\N	RUE DE CRIMEE	PARIS 19E ARRDT	(2.3728808324239004,48.89450349316954)
141073	TPC FN°38	BOULEVARD DE VAUGIRARD	PARIS 15E ARRDT	(2.3171752393803504,48.8411838485474)
141080	f75	QUAI D ORSAY	PARIS 7E ARRDT	(2.3042963644149417,48.86236440465043)
141085	\N	AVENUE D IVRY	PARIS 13E ARRDT	(2.3662061064988564,48.823133572137465)
141099	\N	BOULEVARD DE LA GUYANE	PARIS 12E ARRDT	(2.4133068203066506,48.837501542786505)
141111	\N	VOIE GEORGES POMPIDOU	PARIS 16E ARRDT	(2.2677033179298123,48.84001653614914)
141112	tpc	QUAI BRANLY	PARIS 7E ARRDT	(2.2981361030567555,48.86183972430415)
141117	\N	AVENUE CLAUDE VELLEFAUX	PARIS 10E ARRDT	(2.3702156848607525,48.87426233185506)
141134	N°35	RUE DE CRONSTADT	PARIS 15E ARRDT	(2.301278040032925,48.833319900226186)
141166	\N	QUAI DE LA GARE	PARIS 13E ARRDT	(2.374593702709349,48.83636657226566)
141173	\N	PLACE DU GENERAL CATROUX	PARIS 17E ARRDT	(2.3110452616983475,48.88221629083141)
141177	1	RUE SORBIER	PARIS 20E ARRDT	(2.3898251968379713,48.86843515296007)
141209	N°55	RUE D ALLERAY	PARIS 15E ARRDT	(2.305474003324291,48.83655343731742)
141231	\N	RUE GUY MOQUET	PARIS 17E ARRDT	(2.324540635761788,48.892329606919596)
141249	20	AVENUE EMILE DESCHANEL	PARIS 7E ARRDT	(2.302305325513998,48.855374493481726)
141261	N°16	BOULEVARD PASTEUR	PARIS 15E ARRDT	(2.3117033787068575,48.8436138553298)
141263	\N	RUE DUNOIS	PARIS 13E ARRDT	(2.3672393504144034,48.832478658208636)
141273	\N	AVENUE DU GENERAL DODDS	PARIS 12E ARRDT	(2.4051550888005826,48.83370567320492)
141296	\N	VOIE GEORGES POMPIDOU	PARIS 4E ARRDT	(2.3593022784741646,48.85256459897586)
141303	\N	QUAI DE LA LOIRE	PARIS 19E ARRDT	(2.374062103284671,48.88512240722462)
141306	\N	AVENUE COURTELINE	PARIS 12E ARRDT	(2.4120824575734656,48.84427411068724)
141309	\N	BOULEVARD ARAGO	PARIS 14E ARRDT	(2.3404381310484563,48.83483539396138)
141320	TPC FN°46	BOULEVARD DE VAUGIRARD	PARIS 15E ARRDT	(2.3164355184145546,48.8409703807199)
141332	\N	RUE FAGON	PARIS 13E ARRDT	(2.3570231788616987,48.832693575370136)
141338	\N	RUE DU MOULIN DES PRES	PARIS 13E ARRDT	(2.353284141125294,48.82688657100415)
141355	TPC FN°44	BOULEVARD PASTEUR	PARIS 15E ARRDT	(2.3134138957045254,48.8416819098866)
141358	5	RUE MASSERAN	PARIS 7E ARRDT	(2.3142579200126283,48.84852036157642)
141415	123	RUE ORDENER	PARIS 18E ARRDT	(2.341660739295038,48.892845526806155)
141419	\N	AVENUE DE LA PORTE D AUTEUIL	PARIS 16E ARRDT	(2.2476503108253016,48.84794921649766)
141428	N°148	RUE SAINT CHARLES	PARIS 15E ARRDT	(2.2820273668090394,48.842711385739086)
141429	\N	RUE LOUISE WEISS	PARIS 13E ARRDT	(2.370850378271577,48.83313838284368)
141430	3	RUE MASSERAN	PARIS 7E ARRDT	(2.3141294455632124,48.84875762761093)
141441	FN° 33	QUAI ANDRE CITROEN	PARIS 15E ARRDT	(2.2793710828723786,48.84744455376013)
141452	28	RUE DES ECLUSES SAINT MARTIN	PARIS 10E ARRDT	(2.366136168179655,48.87725686536629)
141455	N°11	RUE DE CRONSTADT	PARIS 15E ARRDT	(2.3024652184862617,48.83484922731284)
141464	\N	RUE ORDENER	PARIS 18E ARRDT	(2.334075727081219,48.893890369925025)
141502	TPC FN°55	BOULEVARD PASTEUR	PARIS 15E ARRDT	(2.313818761062527,48.84162108835588)
141518	130	RUE ORDENER	PARIS 18E ARRDT	(2.3387615148033163,48.89335654595471)
141533	\N	ALLEE DES CYGNES	PARIS 15E ARRDT	(2.285457413053679,48.85413412575224)
141544	\N	RUE CROZATIER	PARIS 12E ARRDT	(2.381192536243899,48.84730869927957)
141568	12	AVENUE HOCHE	PARIS 8E ARRDT	(2.3024470613204024,48.876952710991816)
141572	sn	RUE LUCIEN LAMBEAU	PARIS 20E ARRDT	(2.4129518827345167,48.85765671702516)
141579	80f	RUE CLAUDE DECAEN	PARIS 12E ARRDT	(2.3968968881055237,48.8380080831264)
141600	face au 4 rue rataud	PLACE ALFRED KASLER	PARIS 5E ARRDT	(2.3459036628445546,48.84211217006412)
141601	SN	QUAI DE GRENELLE	PARIS 15E ARRDT	(2.2835561754675155,48.8508693069843)
141608	f6	RUE MILTON	PARIS 9E ARRDT	(2.340604670125563,48.87727342499685)
141609	N°3	PLACE CAMBRONNE	PARIS 15E ARRDT	(2.3013939468242124,48.84756072432491)
141612	40	BOULEVARD SUCHET	PARIS 16E ARRDT	(2.2647215622736527,48.857666910704886)
141622	25-27	RUE SAINT FARGEAU	PARIS 20E ARRDT	(2.4018774194567287,48.87161743004455)
141623	5	AVENUE FREDERIC LE PLAY	PARIS 7E ARRDT	(2.3037913074904903,48.85456045172404)
141663	236	RUE DU FAUBOURG SAINT MARTIN	PARIS 10E ARRDT	(2.36572326151206,48.88146592177416)
141684	\N	RUE DES BOIS	PARIS 19E ARRDT	(2.3987307406120433,48.87841110935837)
141707	\N	AVENUE DU DOCTEUR ARNOLD NETTER	PARIS 12E ARRDT	(2.406253700876831,48.8468032281115)
141724	\N	AVENUE DE LA PORTE D AUTEUIL	PARIS 16E ARRDT	(2.2521500828889174,48.84805240334607)
141739	TPC FN°12	BOULEVARD PASTEUR	PARIS 15E ARRDT	(2.311359595378752,48.844283426662685)
141764	\N	BOULEVARD ARAGO	PARIS 13E ARRDT	(2.34731065035598,48.83525866029449)
141776	N°11	PLACE DU COMMERCE	PARIS 15E ARRDT	(2.292968998018875,48.8451982510247)
141779	\N	BOULEVARD DE BERCY	PARIS 12E ARRDT	(2.377590102425375,48.83982120589114)
141802	5	AVENUE ELISEE RECLUS	PARIS 7E ARRDT	(2.2977039735446807,48.85846671767621)
141812	SN°	RUE GERBERT	PARIS 15E ARRDT	(2.2976915019721904,48.839967623317015)
141818	\N	ALLEE ARTHUR HONEGGER	PARIS 19E ARRDT	(2.3940430045598426,48.8873560549806)
141839	1	RUE LEROY GOURHAN	PARIS 15E ARRDT	(2.294090732014553,48.852022374544134)
141864	SN°	PLACE ETIENNE PERNET	PARIS 15E ARRDT	(2.2928528820289977,48.84361927668751)
141934	N°146	RUE SAINT CHARLES	PARIS 15E ARRDT	(2.2820588350311084,48.842747230993)
141971	N°16	BOULEVARD PASTEUR	PARIS 15E ARRDT	(2.311553528500799,48.84380261529056)
141979	N°76	RUE DE SAUSSURE	PARIS 17E ARRDT	(2.3137665933041274,48.886304128329265)
141984	2	AVENUE FREDERIC LE PLAY	PARIS 7E ARRDT	(2.3031642566439396,48.854823659899424)
141995	\N	RUE DES BOIS	PARIS 19E ARRDT	(2.396378273291629,48.877935189851826)
142046	SN°	PLACE DE BRAZZAVILLE	PARIS 15E ARRDT	(2.287304805504053,48.850716852578074)
142057	SN	BOULEVARD DU GENERAL MARTIAL VALIN	PARIS 15E ARRDT	(2.2733863779496235,48.83715078493757)
142088	\N	COURS ALBERT 1ER	PARIS 8E ARRDT	(2.3032055911130196,48.86419116619351)
142092	N°13	BOULEVARD PASTEUR	PARIS 15E ARRDT	(2.311824189664863,48.84433679372501)
142093	f75	QUAI D ORSAY	PARIS 7E ARRDT	(2.3048739190480116,48.86237664991866)
142108	5 unesco	PLACE DE FONTENOY - UNESCO	PARIS 7E ARRDT	(2.3065195393019575,48.85015566709479)
142112	\N	PLACE SOUHAM	PARIS 13E ARRDT	(2.3676864388082652,48.82854491481389)
142172	\N	QUAI D ORSAY	PARIS 7E ARRDT	(2.3028565886312924,48.8625524867687)
142186	32	AVENUE HOCHE	PARIS 8E ARRDT	(2.2998378443761243,48.87586559735761)
142254	sn	RUE LUCIEN LAMBEAU	PARIS 20E ARRDT	(2.41215761125999,48.85738500190492)
142294	\N	BOULEVARD DE BERCY	PARIS 12E ARRDT	(2.376503955365209,48.83917137380498)
142300	f8	PLACE D ANVERS	PARIS 9E ARRDT	(2.34459675103401,48.88225512434913)
142310	\N	BOULEVARD ARAGO	PARIS 13E ARRDT	(2.3468066353314034,48.8353305790285)
142315	7	RUE MARCEL DUBOIS	PARIS 12E ARRDT	(2.406568192158583,48.83419175989418)
142320	57	BOULEVARD LEFEBVRE	PARIS 15E ARRDT	(2.2920944229444937,48.83121462294796)
142330	\N	PLACE JULES SENARD	PARIS 19E ARRDT	(2.407243297275986,48.87760146238961)
142336	N°22	RUE ROUELLE	PARIS 15E ARRDT	(2.287463415032184,48.8502651625165)
142362	\N	AVENUE DU DOCTEUR ARNOLD NETTER	PARIS 12E ARRDT	(2.406127939920704,48.84700044294855)
142420	\N	AVENUE D IVRY	PARIS 13E ARRDT	(2.3632185413750997,48.824627671728074)
142432	\N	AVENUE D IVRY	PARIS 13E ARRDT	(2.3662558335149306,48.82317830177337)
142445	32	RUE ORDENER	PARIS 18E ARRDT	(2.3510943739309336,48.89133944310415)
142454	39	RUE SAINT BLAISE	PARIS 20E ARRDT	(2.40679659828925,48.8583177446883)
142475	\N	PLACE DU MARCHE SAINT HONORE	PARIS 1ER ARRDT	(2.331574511542494,48.867437270426336)
142521	\N	COUR DEBILLE	PARIS 11E ARRDT	(2.379624598280723,48.856102593702474)
142549	\N	PLACE JEANNE D ARC	PARIS 13E ARRDT	(2.367876227869071,48.82984227623041)
142559	TPC FN°41	BOULEVARD DE VAUGIRARD	PARIS 15E ARRDT	(2.3174446622946046,48.84119687734007)
142580	\N	BOULEVARD ARAGO	PARIS 13E ARRDT	(2.3502985229074924,48.83644249850158)
142588	\N	PORT DES SAINTS PERES / QUAI MALAQUAIS	PARIS 6E ARRDT	(2.333915316848662,48.85840495118493)
142691	N°42	BOULEVARD PASTEUR	PARIS 15E ARRDT	(2.313192312519239,48.8417261926494)
142748	1	RUE LEON DIERX	PARIS 15E ARRDT	(2.2997856795265843,48.828686465138134)
142750	65	QUAI D ORSAY	PARIS 7E ARRDT	(2.306498400148215,48.86241214496609)
142764	80f	RUE CLAUDE DECAEN	PARIS 12E ARRDT	(2.39701773415924,48.83787225372265)
142777	f118	QUAI DE JEMMAPES	PARIS 10E ARRDT	(2.363760618198983,48.87503919127434)
142810	13	RUE FERNAND LEGER	PARIS 20E ARRDT	(2.389522594942155,48.86393405810105)
142820	\N	RUE DE CRIMEE	PARIS 19E ARRDT	(2.3725946351914167,48.894801188274556)
142834	N°4	RUE DE CRONSTADT	PARIS 15E ARRDT	(2.302429867061451,48.835044229257534)
142843	\N	AVENUE DE LA PORTE D AUTEUIL	PARIS 16E ARRDT	(2.24969567250519,48.84807655165035)
142856	14	RUE HENRI DESGRANGE	PARIS 12E ARRDT	(2.3816087301386837,48.83951412788285)
142904	20	BOULEVARD LEFEBVRE	PARIS 15E ARRDT	(2.2904291941375483,48.83158289737188)
142922	27	CITE CHARLES GODON	PARIS 9E ARRDT	(2.3412916171743516,48.878892092779594)
142926	75	RUE MADEMOISELLE	PARIS 15E ARRDT	(2.3000459569007483,48.84342564410089)
142957	\N	RUE DE SAINTE HELENE	PARIS 13E ARRDT	(2.352034584010846,48.81968576522426)
142958	TPC FN°14	BOULEVARD PASTEUR	PARIS 15E ARRDT	(2.3115111355497677,48.84409118990129)
142990	20-22bis	RUE SAINT FARGEAU	PARIS 20E ARRDT	(2.4018137781251556,48.8714626558003)
143033	12	RUE JEAN CALVIN	PARIS 5E ARRDT	(2.348383184126346,48.841706842282065)
143034	2	RUE BECCARIA	PARIS 12E ARRDT	(2.379401271968796,48.84620567200663)
143076	SN°	RUE LEBLANC	PARIS 15E ARRDT	(2.280235296364951,48.83639366518523)
143083	TPC FN°17 bis	BOULEVARD PASTEUR	PARIS 15E ARRDT	(2.3119122129416736,48.84399191056666)
143118	\N	AVENUE DE LA PORTE D AUTEUIL	PARIS 16E ARRDT	(2.254082224257609,48.847893929738284)
143124	\N	AVENUE SIMON BOLIVAR	PARIS 19E ARRDT	(2.3739857174930883,48.8805485751672)
143131	119	RUE ORDENER	PARIS 18E ARRDT	(2.342362699948046,48.892748492486525)
143142	\N	RUE JACQUES PREVERT	PARIS 20E ARRDT	(2.388073950893087,48.86434276827112)
143194	\N	RUE DES BOIS	PARIS 19E ARRDT	(2.3977027456068454,48.87815122654052)
143202	\N	PLACE JULES SENARD	PARIS 19E ARRDT	(2.4072681894822057,48.877728399139905)
143205	\N	RUE DU DOCTEUR BOURNEVILLE	PARIS 13E ARRDT	(2.358192119491391,48.81865713931798)
143252	\N	PLACE DE FONTENOY - UNESCO	PARIS 7E ARRDT	(2.3068786714622744,48.85059436610341)
143298	\N	AVENUE VICTOR HUGO	PARIS 16E ARRDT	(2.283313176494396,48.868880369641545)
143321	N°143	RUE SAINT CHARLES	PARIS 15E ARRDT	(2.282690949961641,48.84326911253202)
143322	\N	RUE DUNOIS	PARIS 13E ARRDT	(2.3666682716556116,48.83277718685956)
143331	\N	BOULEVARD MORLAND	PARIS 4E ARRDT	(2.3637499823276844,48.849875304597106)
143340	TPC FN°61	BOULEVARD PASTEUR	PARIS 15E ARRDT	(2.314131034755945,48.84122296750428)
143373	N°110	AVENUE FELIX FAURE	PARIS 15E ARRDT	(2.2817259568311905,48.83874563497952)
143377	\N	AVENUE CAFFIERI	PARIS 13E ARRDT	(2.3499293668330807,48.819558906572844)
143411	117b	RUE ORDENER	PARIS 18E ARRDT	(2.342991433574542,48.89266360865791)
143417	15	RUE BERANGER	PARIS 3E ARRDT	(2.3636357672640864,48.86612713999107)
143428	N°2	RUE GUSTAVE CHARPENTIER	PARIS 17E ARRDT	(2.282467745400286,48.88242601334035)
143437	TPC FN°10	BOULEVARD DE VAUGIRARD	PARIS 15E ARRDT	(2.319751481775618,48.84192522863223)
143446	N°62	RUE DE LA PROCESSION	PARIS 15E ARRDT	(2.3091392980097853,48.836802804274555)
143447	\N	AVENUE D IVRY	PARIS 13E ARRDT	(2.3685131267993564,48.82198054438887)
143475	\N	RUE GUY MOQUET	PARIS 17E ARRDT	(2.3268510650928653,48.89294449247307)
143488	N°28	RUE DE CRONSTADT	PARIS 15E ARRDT	(2.301469834525927,48.83380766495674)
143494	\N	BOULEVARD ARAGO	PARIS 13E ARRDT	(2.349326904345482,48.83583595358422)
143515	33	RUE ORDENER	PARIS 18E ARRDT	(2.3536101050442135,48.890765180999736)
143541	\N	PASSAGE SAINT ANGE	PARIS 17E ARRDT	(2.327767368712689,48.89644185180451)
143566	72	RUE HENRY FARMAN	PARIS 15E ARRDT	(2.2701510125304445,48.83324724840357)
143568	55	RUE BISSON	PARIS 20E ARRDT	(2.382796219911112,48.87030747349263)
143572	N°16	BOULEVARD PASTEUR	PARIS 15E ARRDT	(2.3120377719237397,48.843188091740906)
143577	\N	PLACE EMILE LANDRIN	PARIS 20E ARRDT	(2.400310338011168,48.86414337946566)
143589	5	RUE DES DOCTEURS DEJERINE	PARIS 20E ARRDT	(2.4118859522193086,48.85491835767188)
143606	\N	AVENUE DE LA PORTE D AUTEUIL	PARIS 16E ARRDT	(2.2528561341636495,48.8479055535297)
143615	FN° 17	QUAI ANDRE CITROEN	PARIS 15E ARRDT	(2.280502668074655,48.84823348210567)
143639	N°145	RUE SAINT CHARLES	PARIS 15E ARRDT	(2.2825829414065693,48.84314477825295)
143659	57	RUE JULIEN LACROIX	PARIS 20E ARRDT	(2.3841656140338343,48.87033505966264)
143678	66	RUE ORDENER	PARIS 18E ARRDT	(2.3468248971650816,48.8921280557136)
143690	91	QUAI D ORSAY	PARIS 7E ARRDT	(2.3024836655794823,48.86227156347804)
143742	\N	QUAI D ORSAY	PARIS 7E ARRDT	(2.3027784426380773,48.86255135161217)
143750	TPC SN°	BOULEVARD DE VAUGIRARD	PARIS 15E ARRDT	(2.3202890919829073,48.84205946154739)
143756	2	PLACE MADELEINE RENAUD ET JEAN LOUIS BARRAULT	PARIS 15E ARRDT	(2.314414179263612,48.83857476200998)
143760	\N	RUE LOUISE WEISS	PARIS 13E ARRDT	(2.3694755606231936,48.83464774360724)
143769	N°35	RUE DE CRONSTADT	PARIS 15E ARRDT	(2.3012491550889234,48.83328225632629)
143792	\N	PLACE JEANNE D ARC	PARIS 13E ARRDT	(2.3684126815717423,48.830048749624815)
143801	\N	RUE HENRI HUCHARD	PARIS 18E ARRDT	(2.3353693939095637,48.899176113111956)
143806	\N	BOULEVARD DE L HOPITAL	PARIS 13E ARRDT	(2.3578545191250786,48.83520804447653)
143831	SN°	RUE DE L AMIRAL ROUSSIN	PARIS 15E ARRDT	(2.2991769957185406,48.845128945178296)
143834	\N	RUE FAGON	PARIS 13E ARRDT	(2.3571066461694965,48.83266704744645)
143870	\N	RUE LOUISE WEISS	PARIS 13E ARRDT	(2.369963049852219,48.834109371685756)
143875	\N	RUE JULIEN LACROIX	PARIS 20E ARRDT	(2.3839144838284434,48.87062984166096)
143888	N°30	RUE DE CRONSTADT	PARIS 15E ARRDT	(2.301432407988352,48.833758684983835)
143891	\N	RUE ALPHONSE BAUDIN	PARIS 11E ARRDT	(2.370450737907298,48.86080896690244)
143946	N°32	BOULEVARD PASTEUR	PARIS 15E ARRDT	(2.31277770606451,48.84225305831346)
143982	\N	RUE HENRI HUCHARD	PARIS 18E ARRDT	(2.3300094395743307,48.89898025998059)
143994	5	AVENUE GABRIEL	PARIS 8E ARRDT	(2.3179635166957313,48.86777909812539)
144001	2	RUE FABRE D EGLANTINE	PARIS 12E ARRDT	(2.3955430474505013,48.84585168498146)
144016	\N	RUE DE LA CHAPELLE	PARIS 18E ARRDT	(2.3595790449017615,48.89288629843589)
144033	\N	AVENUE CORENTIN CARIOU	PARIS 19E ARRDT	(2.3852321004278654,48.89704919352475)
144044	\N	PARVIS NOTRE DAME - PLACE JEAN PAUL II	PARIS 4E ARRDT	(2.3490461245723506,48.853652576709116)
144063	16	RUE GEORGE BERNARD SHAW	PARIS 15E ARRDT	(2.293440996578129,48.851747893068996)
144067	\N	AVENUE DE LA PORTE D AUTEUIL	PARIS 16E ARRDT	(2.243233752314983,48.84798621880674)
144086	\N	AVENUE DE LA PORTE D AUTEUIL	PARIS 16E ARRDT	(2.2506880702480463,48.84792646546391)
144103	20	BOULEVARD DU FORT DE VAUX	PARIS 17E ARRDT	(2.3016637945077343,48.89279383974222)
144111	20	AVENUE HOCHE	PARIS 8E ARRDT	(2.3008898728374754,48.87630349317985)
144121	\N	RUE DUROC	PARIS 7E ARRDT	(2.3149738740583476,48.84814022342454)
144136	TPC FN°38	BOULEVARD PASTEUR	PARIS 15E ARRDT	(2.3132349941618,48.8420431398176)
144140	\N	PLACE DU MARCHE SAINT HONORE	PARIS 1ER ARRDT	(2.331672887205098,48.867590244251474)
144143	N°68	RUE DE LA PROCESSION	PARIS 15E ARRDT	(2.3095702760519234,48.83655525399405)
144180	39	RUE DES VIGNOLES	PARIS 20E ARRDT	(2.3999364821038105,48.8541399261065)
144227	\N	BOULEVARD ARAGO	PARIS 13E ARRDT	(2.344021529330575,48.835051754513614)
144237	\N	RUE GUY MOQUET	PARIS 17E ARRDT	(2.326119114806986,48.892669478586264)
144242	49	BOULEVARD DU GENERAL MARTIAL VALIN	PARIS 15E ARRDT	(2.2742289077416618,48.83719958714953)
144247	\N	RUE DES BOIS	PARIS 19E ARRDT	(2.4008217877973976,48.878506631274)
144280	\N	AVENUE DE LA PORTE D AUTEUIL	PARIS 16E ARRDT	(2.2519859567207616,48.84791387740003)
144285	7	BOULEVARD DE BERCY	PARIS 12E ARRDT	(2.3806073312446214,48.84033196206854)
144295	FN°15	RUE GERBERT	PARIS 15E ARRDT	(2.29866966350242,48.83933674489861)
144299	N°66	BOULEVARD PASTEUR	PARIS 15E ARRDT	(2.3146134200622654,48.840375598829304)
144325	\N	AVENUE DE LA PORTE D AUTEUIL	PARIS 16E ARRDT	(2.2477295144906955,48.84794745082801)
144338	\N	BOULEVARD KELLERMANN	PARIS 13E ARRDT	(2.3562408177001157,48.82045484799401)
144341	SN°	ESPLANADE ANDRE CHAMSON	PARIS 15E ARRDT	(2.2777689953944065,48.84046662453878)
144372	\N	VOIE GEORGES POMPIDOU	PARIS 4E ARRDT	(2.3567903593451294,48.8535443232774)
144394	\N	RUE DE LA POTERNE DES PEUPLIERS	PARIS 13E ARRDT	(2.35289867155832,48.82049927723268)
144441	39	RUE SAINT BLAISE	PARIS 20E ARRDT	(2.406625881530496,48.858354319140616)
144449	26	BOULEVARD LEFEBVRE	PARIS 15E ARRDT	(2.2908835288776546,48.83138400733333)
144462	13	RUE CORBINEAU	PARIS 12E ARRDT	(2.3819508547168944,48.83925511513037)
144476	\N	RUE MICHEL DE BOURGES	PARIS 20E ARRDT	(2.40097664513663,48.854670836801176)
144495	\N	AVENUE CLAUDE VELLEFAUX	PARIS 10E ARRDT	(2.370434191074195,48.87389904631212)
144504	\N	RUE DE PASSY	PARIS 16E ARRDT	(2.282664478998438,48.85815892080251)
144514	angle rue Boy - Zelenski	RUE DES ECLUSES SAINT MARTIN	PARIS 10E ARRDT	(2.3676538570138725,48.87656366008746)
144558	14	BOULEVARD DU FORT DE VAUX	PARIS 17E ARRDT	(2.302121126375073,48.89305490664866)
144568	112-114	RUE DES COURONNES	PARIS 20E ARRDT	(2.389030287106909,48.87134705256684)
144572	\N	AVENUE D IVRY	PARIS 13E ARRDT	(2.3665185396877018,48.822842127916914)
149849	120	AVENUE DE WAGRAM	PARIS 17E ARRDT	(2.302618133120548,48.8840106289635)
149883	4	RUE DE TURIN	PARIS 8E ARRDT	(2.3254358109714404,48.87960662168934)
149890	2	RUE ROBERT ESNAULT PELTERIE	PARIS 7E ARRDT	(2.3150110769175334,48.862394740505)
149903	52	AVENUE CLAUDE VELLEFAUX	PARIS 10E ARRDT	(2.370415018980277,48.875800174924066)
149909	42	RUE CHALIGNY	PARIS 12E ARRDT	(2.3843448468368678,48.84964665931803)
149914	98 bis	BOULEVARD ARAGO	PARIS 14E ARRDT	(2.335767404815656,48.834628486639275)
149928	\N	BOULEVARD ARAGO	PARIS 14E ARRDT	(2.3400688868018906,48.83487758018415)
149939	86	RUE ORDENER	PARIS 18E ARRDT	(2.3432174909582555,48.89274132261992)
149942	28	BOULEVARD DE BONNE NOUVELLE	PARIS 10E ARRDT	(2.3500767314350126,48.870488923444675)
149946	\N	AVENUE DU DOCTEUR ARNOLD NETTER	PARIS 12E ARRDT	(2.4053448413939655,48.8435514943765)
149947	100 (bis)	RUE ORDENER	PARIS 18E ARRDT	(2.3415613917852176,48.892969524172166)
149957	18	RUE MATHIS	PARIS 19E ARRDT	(2.3749903658606284,48.89090823016477)
149963	\N	BOULEVARD ARAGO	PARIS 14E ARRDT	(2.3348410301017,48.834376452313684)
149972	\N	RUE EDOUARD PAILLERON	PARIS 19E ARRDT	(2.3800504330926917,48.881433422488456)
150014	62	AVENUE DE LA REPUBLIQUE	PARIS 11E ARRDT	(2.3767700661184996,48.864763921316744)
150024	\N	BOULEVARD ARAGO	PARIS 13E ARRDT	(2.3471110321567474,48.83543011745512)
150033	\N	AVENUE MATIGNON	PARIS 8E ARRDT	(2.3127839243235733,48.87026154580972)
150041	\N	PORT DES SAINTS PERES / QUAI MALAQUAIS	PARIS 6E ARRDT	(2.333459895763822,48.85852651595922)
150053	141	AVENUE GAMBETTA	PARIS 20E ARRDT	(2.4022665508854253,48.86938502907122)
150077	F53	BOULEVARD DAVOUT	PARIS 20E ARRDT	(2.411137693871207,48.85176489105427)
150117	10	AVENUE DE L OBSERVATOIRE	PARIS 6E ARRDT	(2.336392235325248,48.84173739369596)
150167	5	RUE CHARLES BAUDELAIRE	PARIS 12E ARRDT	(2.3768319910288187,48.84957526478989)
150172	75	RUE BLANCHE	PARIS 9E ARRDT	(2.3322959355918322,48.8834235102046)
150197	39	RUE DES FRERES FLAVIEN	PARIS 20E ARRDT	(2.4115655025834553,48.87719165280687)
150201	56	BOULEVARD DE PORT ROYAL	PARIS 5E ARRDT	(2.3462144791042627,48.83758844215378)
150218	\N	PLACE DES ETATS UNIS	PARIS 16E ARRDT	(2.2936830138417075,48.8680142554741)
150223	\N	ALLEE ARTHUR HONEGGER	PARIS 19E ARRDT	(2.394136815839383,48.887267658664726)
150230	\N	RUE FRANCIS JAMMES	PARIS 10E ARRDT	(2.368319620529699,48.87834235439038)
150234	14	RUE DE TURIN	PARIS 8E ARRDT	(2.325108784834749,48.880167928532344)
150254	2	RUE DU SIMPLON	PARIS 18E ARRDT	(2.352389075843033,48.89332764597656)
150270	60	RUE ORDENER	PARIS 18E ARRDT	(2.347360037748018,48.89202615654177)
150290	41	RUE DIDOT	PARIS 14E ARRDT	(2.320267509141572,48.83187277489768)
150311	211	RUE VERCINGETORIX	PARIS 14E ARRDT	(2.308025397312436,48.83036040370828)
150317	\N	AVENUE DE LA SIBELLE	PARIS 14E ARRDT	(2.3385924183610256,48.826565117048844)
150327	\N	AVENUE DES CHAMPS ELYSEES	PARIS 8E ARRDT	(2.3164836417136505,48.86726556455406)
150349	2	RUE DE LA COSSONNERIE	PARIS 1ER ARRDT	(2.3494546594251293,48.86130608228077)
150357	\N	RUE RENE CLAIR	PARIS 18E ARRDT	(2.353258682254349,48.89415095780773)
150395	13	BOULEVARD LEFEBVRE	PARIS 15E ARRDT	(2.289371125190287,48.832399060718586)
150402	20	RUE DE TURIN	PARIS 8E ARRDT	(2.3246782314089813,48.88122237115512)
150447	\N	PLACE JACQUES DEBU BRIDEL	PARIS 14E ARRDT	(2.3401076462261465,48.824611625601584)
150493	\N	AVENUE DE CHOISY	PARIS 13E ARRDT	(2.361481608992705,48.82430332712416)
150503	\N	RUE HENRI HUCHARD	PARIS 18E ARRDT	(2.335879181787281,48.899248761438756)
150556	6	RUE FRIANT	PARIS 14E ARRDT	(2.324590199219814,48.82628733694332)
150568	52	RUE RENE BINET	PARIS 18E ARRDT	(2.3381382928184173,48.899296383975454)
150606	\N	ALLEE COLETTE HEILBRONNER	PARIS 17E ARRDT	(2.3099845608023584,48.892694645585486)
150608	\N	RUE DU GROUPE MANOUCHIAN	PARIS 20E ARRDT	(2.4042108206578034,48.8703668345128)
150620	49	RUE BERGER	PARIS 1ER ARRDT	(2.3420975473576737,48.86224985907071)
150653	60	RUE RAYMOND LOSSERAND	PARIS 14E ARRDT	(2.3186755360610447,48.83428062698083)
150655	\N	RUE HENRY DE BOURNAZEL	PARIS 14E ARRDT	(2.313803215763946,48.825056785512466)
150656	60f	RUE TIQUETONNE	PARIS 2E ARRDT	(2.3460235682544677,48.864732500346186)
150660	N°27	RUE LINOIS	PARIS 15E ARRDT	(2.283932422495649,48.84792730967738)
150692	\N	BOULEVARD ARAGO	PARIS 13E ARRDT	(2.3460190463141153,48.83508067662427)
150723	\N	BOULEVARD RASPAIL	PARIS 14E ARRDT	(2.3299489231323776,48.84132185554082)
150786	\N	AVENUE RAPHAEL	PARIS 16E ARRDT	(2.2673328278710296,48.858336243728495)
150798	106-108	RUE DE LOURMEL	PARIS 15E ARRDT	(2.286199180271677,48.84324914136089)
150854	N°5	RUE GERBERT	PARIS 15E ARRDT	(2.2984571355633463,48.83990241930733)
150858	\N	RUE DE LA TOMBE ISSOIRE	PARIS 14E ARRDT	(2.3319284542154297,48.82668991556274)
150859	18 (face)	AVENUE DE LA PORTE DE CLIGNANCOURT	PARIS 18E ARRDT	(2.3436574587727894,48.90013895764584)
150877	\N	PLACE DU DIX HUIT JUIN 1940	PARIS 6E ARRDT	(2.3241296068362334,48.84405244469012)
150894	42	BOULEVARD DE PORT ROYAL	PARIS 5E ARRDT	(2.347623557366063,48.837338693434376)
150900	73	RUE NATIONALE	PARIS 13E ARRDT	(2.366657284059367,48.82657075996942)
150931	\N	AVENUE DE SAINT MANDE	PARIS 12E ARRDT	(2.396007543698167,48.84556696637794)
150971	\N	RUE THOMIRE	PARIS 13E ARRDT	(2.3482747667848916,48.81989166097454)
150983	107	RUE ORDENER	PARIS 18E ARRDT	(2.345720849079215,48.89221914633578)
151003	F16	RUE DE NOISY LE SEC	PARIS 20E ARRDT	(2.4121091430714956,48.87212027043154)
151017	tpc32	ALLEE GEORGES BESSE	PARIS 14E ARRDT	(2.327287621483783,48.840418497410106)
151018	7 (5 bis)	BOULEVARD MORLAND	PARIS 4E ARRDT	(2.364953188898071,48.84797461932466)
151022	\N	BOULEVARD RASPAIL	PARIS 14E ARRDT	(2.3302301068083087,48.839949845364856)
151048	242	AVENUE DAUMESNIL	PARIS 12E ARRDT	(2.401632498602356,48.83727595671526)
151061	\N	BOULEVARD ARAGO	PARIS 13E ARRDT	(2.351214016676494,48.83643656643262)
151065	SN	AVENUE DES CHAMPS ELYSEES	PARIS 8E ARRDT	(2.3141327789581516,48.868015181318036)
151067	\N	CITE TRAEGER	PARIS 18E ARRDT	(2.350496289774886,48.89324370170573)
151074	f11	BOULEVARD DE ROCHECHOUART	PARIS 9E ARRDT	(2.347974944446011,48.88347615607568)
151078	SN°	PLACE HENRI QUEUILLE	PARIS 15E ARRDT	(2.311240764090449,48.84507777111751)
151108	6	RUE RICAUT	PARIS 13E ARRDT	(2.3615234313750673,48.82983719597563)
151131	\N	BOULEVARD ARAGO	PARIS 14E ARRDT	(2.3374361252944174,48.83476077676932)
151155	N°42	AVENUE DE VILLIERS	PARIS 17E ARRDT	(2.30847966823041,48.883114573672316)
151159	\N	AVENUE MONTAIGNE	PARIS 8E ARRDT	(2.3040584799158705,48.86576022269592)
151209	\N	AVENUE DE LA PORTE D AUTEUIL	PARIS 16E ARRDT	(2.2535243003481344,48.847899045218824)
151212	28	28 BOULEVARD DE DOUAUMONT	PARIS 17E ARRDT	(2.3062594140881196,48.89532859130626)
151215	22	RUE DE LA MOSKOWA	PARIS 18E ARRDT	(2.333960597954227,48.89704186305169)
151218	\N	PLACE DE COLOMBIE	PARIS 16E ARRDT	(2.268749122733076,48.86285911924958)
151226	8	BOULEVARD MORLAND	PARIS 4E ARRDT	(2.3648492462535446,48.84857678226406)
151234	\N	AVENUE GEORGE V	PARIS 8E ARRDT	(2.3011922640781224,48.86665672544195)
151254	\N	PLACE DE LA NATION	PARIS 11E ARRDT	(2.395116706020537,48.84913621364196)
151270	\N	RUE DU CHATEAU DES RENTIERS	PARIS 13E ARRDT	(2.3696130565439115,48.825333338312085)
151287	26	RUE DE TURIN	PARIS 8E ARRDT	(2.324577608029047,48.88164770812419)
151319	\N	AVENUE GEORGE V	PARIS 8E ARRDT	(2.301174479862003,48.86683119402342)
151377	\N	AVENUE DES GOBELINS	PARIS 13E ARRDT	(2.3523254250108496,48.83644698568431)
151386	9	RUE DE SAINTE HELENE	PARIS 13E ARRDT	(2.352809026173629,48.819313383203266)
151390	\N	AVENUE DE LA SIBELLE	PARIS 14E ARRDT	(2.338344067432735,48.825790412150376)
151424	\N	PLACE DE L ILE DE SEIN	PARIS 14E ARRDT	(2.336719008152434,48.834458066454104)
151425	28	PLACE DU MARCHE SAINT HONORE	PARIS 1ER ARRDT	(2.332014463130567,48.8666122873131)
151439	24	RUE CHAPPE	PARIS 18E ARRDT	(2.342041890045282,48.88546891047855)
151446	32	AVENUE DE LA REPUBLIQUE	PARIS 11E ARRDT	(2.3713177106109664,48.865797660975005)
151448	71	RUE ORDENER	PARIS 18E ARRDT	(2.349997800975223,48.89143131687065)
151450	\N	AVENUE DE L OBSERVATOIRE	PARIS 14E ARRDT	(2.3367507402549377,48.837961845305614)
151460	\N	AVENUE DE LA PORTE DE CLIGNANCOURT	PARIS 18E ARRDT	(2.343534726203106,48.90035282499794)
151468	\N	BOULEVARD MACDONALD	PARIS 19E ARRDT	(2.3848663695112227,48.898677582126865)
151529	\N	RUE GOUTHIERE	PARIS 13E ARRDT	(2.3516304865969473,48.82022820642282)
151558	193	RUE ORDENER	PARIS 18E ARRDT	(2.3343422980442416,48.893854402413254)
151563	38	RUE RENE BINET	PARIS 18E ARRDT	(2.339703479446503,48.899391054039484)
151574	\N	RUE DE LUTECE	PARIS 4E ARRDT	(2.3473933445814104,48.85478989425294)
151575	\N	RUE EDOUARD PAILLERON	PARIS 19E ARRDT	(2.379312287653638,48.88130964367093)
151585	\N	AVENUE PARMENTIER	PARIS 11E ARRDT	(2.3757235191608554,48.86382676223398)
151587	\N	RUE MARIE GEORGES PICQUART	PARIS 17E ARRDT	(2.312081722410605,48.888095759633636)
151588	\N	RUE DE SAINTE HELENE	PARIS 13E ARRDT	(2.35244908738519,48.819594316791296)
151596	\N	VERGER URBAIN TELEGRAPHE / 269 RUE DE BELLEVILLE	PARIS 19E ARRDT	(2.3995804580352833,48.87567037251741)
151607	15	RUE CROZATIER	PARIS 12E ARRDT	(2.3822362635851193,48.84599674997675)
151612	\N	BOULEVARD ARAGO	PARIS 14E ARRDT	(2.3401690771786177,48.83461255078744)
151620	\N	AVENUE DE TAILLEBOURG	PARIS 11E ARRDT	(2.3974711945005014,48.8496353148653)
151644	\N	RUE DARMESTETER	PARIS 13E ARRDT	(2.3753352400296346,48.82309771693782)
151645	67	RUE ORDENER	PARIS 18E ARRDT	(2.350386072832728,48.89135441473363)
151737	\N	COURS ALBERT 1ER	PARIS 8E ARRDT	(2.3085723625751973,48.864469059066245)
151768	6	RUE RENE BINET	PARIS 18E ARRDT	(2.3428718998129,48.89939499795204)
151782	\N	AVENUE MATIGNON	PARIS 8E ARRDT	(2.3118306418146575,48.86968555003301)
151816	\N	RUE LOUIS PASTEUR VALLERY RADOT	PARIS 18E ARRDT	(2.3308669470166477,48.9001858289841)
151825	56	RUE ORDENER	PARIS 18E ARRDT	(2.3478262937155985,48.89194316761162)
151841	\N	AVENUE DES CHAMPS ELYSEES	PARIS 8E ARRDT	(2.3126275634736437,48.867561258603914)
151849	tpc54	ALLEE GEORGES BESSE	PARIS 14E ARRDT	(2.3253168085649705,48.84108009816527)
151851	\N	BOULEVARD ARAGO	PARIS 14E ARRDT	(2.340146955778593,48.834822476605176)
151855	32bis	RUE SORBIER	PARIS 20E ARRDT	(2.3923053837616486,48.86610031496276)
151858	51	QUAI BRANLY	PARIS 7E ARRDT	(2.2964619360939897,48.86112829724691)
151865	49	RUE BERGER	PARIS 1ER ARRDT	(2.3422016207155916,48.86222593742756)
151872	\N	BOULEVARD DE MENILMONTANT	PARIS 11E ARRDT	(2.388203699561472,48.86128489425034)
151891	\N	AVENUE PARMENTIER	PARIS 11E ARRDT	(2.3789572652321143,48.86004553288565)
151902	\N	PASSERELLE MARCELLE HENRY	PARIS 17E ARRDT	(2.310287947444017,48.889403861395905)
151903	N°37	AVENUE FELIX FAURE	PARIS 15E ARRDT	(2.2889646370466985,48.841465633203065)
151913	1	RUE BAPTISTE RENARD	PARIS 13E ARRDT	(2.3670707310533126,48.8281645051116)
151948	\N	RUE ORDENER	PARIS 18E ARRDT	(2.354600153600659,48.89069233682825)
151949	248	BOULEVARD RASPAIL	PARIS 14E ARRDT	(2.3308995843924403,48.83817781809496)
151953	2	AVENUE EMILE ACOLLAS	PARIS 7E ARRDT	(2.2998518420044944,48.85257354485674)
151967	11	RUE FRANCIS DE CROISSET	PARIS 18E ARRDT	(2.3448082254732254,48.89936241148213)
151971	\N	PORT DES SAINTS PERES / QUAI MALAQUAIS	PARIS 6E ARRDT	(2.3344414199576278,48.85831741176347)
152000	187	BOULEVARD MALESHERBES	PARIS 17E ARRDT	(2.304375780396934,48.88805404782609)
152001	F128	RUE DE BAGNOLET	PARIS 20E ARRDT	(2.4046401349190134,48.8607381144428)
152010	11	AVENUE DE LA SIBELLE	PARIS 14E ARRDT	(2.338512211915536,48.826104375957826)
152028	9 (Face)	PLACE PROSPER GOUBAUX	PARIS 17E ARRDT	(2.315736832951712,48.88136998295875)
152037	100	AVENUE DE LA REPUBLIQUE	PARIS 11E ARRDT	(2.3828816833084194,48.86360361260714)
152060	\N	BOULEVARD SAINT MARCEL	PARIS 13E ARRDT	(2.3525046758130372,48.83684681292618)
152064	\N	AVENUE GABRIEL	PARIS 8E ARRDT	(2.3131812277313655,48.86961141595022)
152077	\N	RUE DE LAGNY	PARIS 20E ARRDT	(2.412230000486003,48.84912072765382)
152081	\N	AVENUE DE LA SIBELLE	PARIS 14E ARRDT	(2.3379611878648197,48.824727636262146)
152120	\N	BOULEVARD ARAGO	PARIS 14E ARRDT	(2.3332295723787864,48.83451630239763)
152121	\N	AVENUE DE LA SIBELLE	PARIS 14E ARRDT	(2.338651232849672,48.82634866644237)
152131	\N	RUE EDOUARD PAILLERON	PARIS 19E ARRDT	(2.379734887349549,48.88137941210655)
152148	189	RUE DU FAUBOURG SAINT MARTIN	PARIS 10E ARRDT	(2.363053161439923,48.879476859744976)
152155	11	RUE VERSIGNY	PARIS 18E ARRDT	(2.3439750781485302,48.89467496732367)
152167	\N	RUE EDOUARD PAILLERON	PARIS 19E ARRDT	(2.3787207809904785,48.88120932757683)
152185	\N	AVENUE RAPHAEL	PARIS 16E ARRDT	(2.2679973457358904,48.86132273364844)
152202	\N	AVENUE GABRIEL	PARIS 8E ARRDT	(2.31331035094064,48.86957022757985)
152222	41	RUE SAINT BLAISE	PARIS 20E ARRDT	(2.4070080481455136,48.858186113231376)
152254	\N	QUAI DES ORFEVRES	PARIS 1ER ARRDT	(2.344117769550583,48.85459467882378)
152256	\N	RUE DE LA CHAPELLE	PARIS 18E ARRDT	(2.359807495821241,48.89291084026716)
152279	F53	BOULEVARD DAVOUT	PARIS 20E ARRDT	(2.411122915630683,48.85184774376893)
152291	\N	RUE D AUBERVILLIERS	PARIS 19E ARRDT	(2.3681143858806593,48.88945056655247)
152509	17	RUE FRANCIS DE CROISSET	PARIS 18E ARRDT	(2.345041819590387,48.899426467784075)
152533	\N	RUE RAYMOND LOSSERAND	PARIS 14E ARRDT	(2.309548724801497,48.829625370982185)
152544	\N	RUE MAX JACOB	PARIS 13E ARRDT	(2.355255019026377,48.81971566754311)
152552	\N	RUE RAYMOND LOSSERAND	PARIS 14E ARRDT	(2.3094620403166277,48.82958527813021)
152571	37	BOULEVARD DE MONTMORENCY	PARIS 16E ARRDT	(2.2626205793591296,48.85328714867829)
152586	\N	RUE DU FAUBOURG SAINT DENIS	PARIS 10E ARRDT	(2.3561301583407213,48.8756064949791)
152587	\N	RUE MAURICE GRIMAUD	PARIS 18E ARRDT	(2.3370641445032367,48.899924537408204)
152596	2 (Face)	PLACE D IENA	PARIS 16E ARRDT	(2.294769768614979,48.86498726122478)
152599	\N	ZAC CHAPELLE INTERNATIONAL PHASE 1 / VOIE CQ/18	PARIS 18E ARRDT	(2.3571107663841695,48.89557217934008)
152612	3	RUE VICTOR DEJEANTE	PARIS 20E ARRDT	(2.4095825690412402,48.86713188356029)
152658	\N	PLACE DE LA PORTE DE PASSY	PARIS 16E ARRDT	(2.2639104171350026,48.857687124779154)
152686	5	RUE SARRETTE	PARIS 14E ARRDT	(2.3317096110956865,48.82736105983297)
152688	24	AVENUE SECRETAN	PARIS 19E ARRDT	(2.3722030648097023,48.88162185494435)
152710	100 bis	RUE ORDENER	PARIS 18E ARRDT	(2.3414920761036826,48.8929787163097)
152721	10	RUE GUSTAVE ET MARTIAL CAILLEBOTTE	PARIS 20E ARRDT	(2.411739563934616,48.87580001045769)
152741	59	BOULEVARD PONIATOWSKI	PARIS 12E ARRDT	(2.401336967753348,48.83325896717913)
152756	\N	AVENUE DES GOBELINS	PARIS 13E ARRDT	(2.3523586302761053,48.83625558401244)
152768	VIII 3411	PLACE DE LA CONCORDE	PARIS 8E ARRDT	(2.3201897101215043,48.866966792721456)
152796	\N	VERGER URBAIN TELEGRAPHE / 269 RUE DE BELLEVILLE	PARIS 19E ARRDT	(2.399887257501914,48.875712929441015)
152806	\N	AVENUE DU RANELAGH	PARIS 16E ARRDT	(2.2691198735270324,48.85835185927335)
152824	233	BOULEVARD RASPAIL	PARIS 14E ARRDT	(2.3306933587522325,48.83956430570847)
152827	\N	RUE ANDRE VOGUET	PARIS 13E ARRDT	(2.3743717144608594,48.8196640334249)
152848	\N	PASSAGE DE MENILMONTANT	PARIS 11E ARRDT	(2.3823114603203357,48.86498905199448)
152851	17	RUE LOUIS PASTEUR VALLERY RADOT	PARIS 18E ARRDT	(2.332294353007786,48.90021597073191)
152863	51	JARDINIERES DE LA RUE PAUL MEURICE / RUE PAUL MEURICE	PARIS 20E ARRDT	(2.4106459880948883,48.876348070279526)
152866	10	PASSAGE DU POTEAU	PARIS 18E ARRDT	(2.3369243430437447,48.89740749519808)
152875	73	RUE DE TOLBIAC	PARIS 13E ARRDT	(2.368757348708567,48.82720294109737)
152886	\N	BOULEVARD RASPAIL	PARIS 14E ARRDT	(2.330584361270562,48.83964628825564)
152920	\N	AVENUE VICTOR HUGO	PARIS 16E ARRDT	(2.289717215025894,48.871607620230165)
152962	N°73	AVENUE FELIX FAURE	PARIS 15E ARRDT	(2.2854173587355544,48.84003773210676)
152963	\N	AVENUE DE LA SIBELLE	PARIS 14E ARRDT	(2.3381178794771147,48.82540972212103)
152981	\N	RUE DES BATIGNOLLES	PARIS 17E ARRDT	(2.3210267867888668,48.88480981224859)
152984	4	RUE RICAUT	PARIS 13E ARRDT	(2.361638129971824,48.82991338515714)
152986	7	RUE ALFRED FOUILLEE	PARIS 13E ARRDT	(2.3644918197905183,48.81920419078062)
153015	16b	RUE D ODESSA	PARIS 14E ARRDT	(2.3245675386744473,48.842110989740064)
153018	74	AVENUE SIMON BOLIVAR	PARIS 19E ARRDT	(2.375404962538494,48.87644973152969)
153028	17	RUE FRANCIS DE CROISSET	PARIS 18E ARRDT	(2.3450520292041475,48.899302675982966)
153043	\N	RUE VERCINGETORIX	PARIS 14E ARRDT	(2.3122884391267764,48.83340706086591)
153096	21	AVENUE EMILE DESCHANEL	PARIS 7E ARRDT	(2.3027670798807067,48.85521599229248)
153097	\N	RUE VERGNIAUD	PARIS 13E ARRDT	(2.345827909774171,48.82895438475139)
153100	cd1264	PLACE DE LA CONCORDE	PARIS 8E ARRDT	(2.3198218086808238,48.86656852978942)
153163	\N	RUE MARIE GEORGES PICQUART	PARIS 17E ARRDT	(2.3109427564350558,48.88875882685272)
153166	\N	RUE DES CHEMINOTS	PARIS 18E ARRDT	(2.356323219488086,48.89785804979263)
153170	\N	RUE EDOUARD LARTET	PARIS 12E ARRDT	(2.412778392215822,48.83937683326547)
153211	F179	RUE DE BAGNOLET	PARIS 20E ARRDT	(2.408217405898714,48.864188185970576)
153236	\N	ALLEE COLETTE HEILBRONNER	PARIS 17E ARRDT	(2.310893168105531,48.89308479176834)
153261	\N	RUE REGNAULT	PARIS 13E ARRDT	(2.375550576234002,48.824108972608634)
153276	\N	RUE CROZATIER	PARIS 12E ARRDT	(2.382003905241758,48.84628580477871)
153293	\N	RUE LAUZIN	PARIS 19E ARRDT	(2.3783759168752283,48.87579994581212)
153309	\N	BOULEVARD ARAGO	PARIS 14E ARRDT	(2.337838828455285,48.834508764751874)
153310	\N	PLACE SOUHAM	PARIS 13E ARRDT	(2.368247377590755,48.82901959903238)
153337	21	BOULEVARD DE BERCY	PARIS 12E ARRDT	(2.3885085898664915,48.83899967449571)
153346	31	AVENUE DU DOCTEUR ARNOLD NETTER	PARIS 12E ARRDT	(2.405147170013771,48.84284596416125)
153360	\N	BOULEVARD VINCENT AURIOL	PARIS 13E ARRDT	(2.3642107563323003,48.83358777714868)
153370	\N	AVENUE CLAUDE VELLEFAUX	PARIS 10E ARRDT	(2.370178385172367,48.877450554741095)
153442	\N	AVENUE GABRIEL	PARIS 8E ARRDT	(2.3168837108925295,48.86812395004472)
153444	17	RUE ARCHEREAU	PARIS 19E ARRDT	(2.3725624132608885,48.8902718019965)
153456	62f	RUE TIQUETONNE	PARIS 2E ARRDT	(2.3458736328922805,48.864735674950126)
153458	47	RUE CAULAINCOURT	PARIS 18E ARRDT	(2.33456087216169,48.88910548546715)
153488	TPC	QUAI BRANLY	PARIS 7E ARRDT	(2.2990593337451415,48.86207567159853)
153524	\N	AVENUE DES CHAMPS ELYSEES	PARIS 8E ARRDT	(2.316152516601386,48.866595055018735)
153527	199	AVENUE DAUMESNIL	PARIS 12E ARRDT	(2.3970481627249414,48.8392090393684)
153536	41	AVENUE GABRIEL	PARIS 8E ARRDT	(2.313038196932415,48.86939928335485)
153537	\N	PLACE JACQUES DEBU BRIDEL	PARIS 14E ARRDT	(2.340086622900884,48.824558521829154)
153573	66	RUE DE L AMIRAL MOUCHEZ	PARIS 14E ARRDT	(2.3420251799615532,48.82194012928483)
153587	23	RUE MULLER	PARIS 18E ARRDT	(2.345013276432237,48.88629817766543)
153624	1	BOULEVARD LEFEBVRE	PARIS 15E ARRDT	(2.2887216075634154,48.832683550801235)
153650	110	AVENUE DE LA REPUBLIQUE	PARIS 11E ARRDT	(2.3843372508951513,48.8633283649746)
153669	N°30	AVENUE DU MAINE	PARIS 15E ARRDT	(2.320303857017959,48.84286173102994)
153698	10	AVENUE DU BEL AIR	PARIS 12E ARRDT	(2.3978886206218557,48.84600847642689)
153700	N°21	AVENUE MAC MAHON	PARIS 17E ARRDT	(2.2943894865608394,48.87694622116684)
153706	\N	BOULEVARD ARAGO	PARIS 14E ARRDT	(2.3347507626345645,48.83458306725929)
153715	14 (face)	RUE DE JOINVILLE	PARIS 19E ARRDT	(2.379763469734639,48.88990860381975)
153745	102	BOULEVARD MACDONALD	PARIS 19E ARRDT	(2.3855228154200856,48.8985410601249)
153751	\N	AVENUE DU GENERAL DE GAULLE	PARIS 13E ARRDT	(2.3595704643325384,48.81593103957382)
153761	N°28	BOULEVARD DE DOUAUMONT	PARIS 17E ARRDT	(2.3065749002725644,48.895493563962184)
153793	\N	RUE ALEXANDER FLEMING	PARIS 19E ARRDT	(2.402782528687585,48.88193906297965)
153798	18	AVENUE ELISEE RECLUS	PARIS 7E ARRDT	(2.2985890344690745,48.85775695818028)
153801	21 (face)	AVENUE MONTAIGNE	PARIS 8E ARRDT	(2.304263846629654,48.86604255476352)
153809	8	RUE DE L ABBE DE L EPEE	PARIS 5E ARRDT	(2.34189143478116,48.84328563358618)
153826	18	BOULEVARD MORLAND	PARIS 4E ARRDT	(2.36314011860801,48.8503609189372)
153832	\N	AVENUE GORDON BENNETT	PARIS 16E ARRDT	(2.251185510807306,48.84672346785063)
153871	\N	AVENUE DE CLICHY	PARIS 17E ARRDT	(2.3142486187832234,48.893761762557695)
153898	\N	JARDINIERES DE LA PLACETTE CRIMEE / 2V PLACE DES FETES	PARIS 19E ARRDT	(2.392331368289566,48.87713055020419)
153905	\N	RUE MAURICE GRIMAUD	PARIS 18E ARRDT	(2.337086914762111,48.89948525155846)
153930	\N	AVENUE DES CHAMPS ELYSEES	PARIS 8E ARRDT	(2.312373055931086,48.86764133050145)
153932	\N	RUE DE LA CHINE	PARIS 20E ARRDT	(2.4004589317286014,48.86576550454501)
153935	\N	AVENUE CLAUDE VELLEFAUX	PARIS 10E ARRDT	(2.3701921147837584,48.87631451395439)
153950	143	AVENUE DE VERSAILLES	PARIS 16E ARRDT	(2.267790887840003,48.8420616958257)
153989	\N	RUE DU GROUPE MANOUCHIAN	PARIS 20E ARRDT	(2.404214510940961,48.8704145221492)
153995	N°74	AVENUE DE WAGRAM	PARIS 17E ARRDT	(2.30005000127447,48.880487318306656)
154020	\N	VERGER URBAIN TELEGRAPHE / 269 RUE DE BELLEVILLE	PARIS 19E ARRDT	(2.3998266844781098,48.87571128576149)
154032	\N	BOULEVARD VINCENT AURIOL	PARIS 13E ARRDT	(2.369126012845778,48.835223309401556)
154058	83	QUAI D ORSAY	PARIS 7E ARRDT	(2.3033474415806667,48.86228867849362)
154077	\N	AVENUE D ITALIE	PARIS 13E ARRDT	(2.3562863219237937,48.829813168156115)
154093	12	RUE DE TURBIGO	PARIS 1ER ARRDT	(2.3484491596654964,48.86371609647009)
154099	\N	RUE EDOUARD LARTET	PARIS 12E ARRDT	(2.412743346969747,48.83926180848839)
154122	1	RUE DE LA COSSONNERIE	PARIS 1ER ARRDT	(2.3493747581169604,48.861281993267774)
154126	11	RUE PAUL LAURENT	PARIS 19E ARRDT	(2.368225044082232,48.88650667421025)
154143	N°75	AVENUE FELIX FAURE	PARIS 15E ARRDT	(2.285275145431242,48.83997902233935)
154153	\N	AVENUE DE LA PORTE D AUTEUIL	PARIS 16E ARRDT	(2.2442145642361995,48.84812205111926)
154170	N°1	RUE BALARD	PARIS 15E ARRDT	(2.277104608734067,48.845607605113486)
154188	\N	RUE GILBERT CESBRON	PARIS 17E ARRDT	(2.314615202685447,48.892756523817155)
154192	20	AVENUE PIERRE DE COUBERTIN	PARIS 14E ARRDT	(2.3440396748764725,48.81787960808852)
154194	\N	PLACE DE LA BASTILLE	PARIS 12E ARRDT	(2.369128161733764,48.85270148388942)
154241	28	BOULEVARD DE STRASBOURG	PARIS 10E ARRDT	(2.355720849707778,48.87171182737736)
154251	50	RUE VERGNIAUD	PARIS 13E ARRDT	(2.3452166132224597,48.82634663609842)
154264	\N	RUE CROZATIER	PARIS 12E ARRDT	(2.3795577522821056,48.84934490170638)
154281	9	AVENUE DE LA PORTE DE VINCENNES	PARIS 20E ARRDT	(2.4126314902942303,48.84716693027155)
154355	tpc3	ALLEE GEORGES BESSE	PARIS 14E ARRDT	(2.3272267521764096,48.84033968355032)
154357	\N	RUE DU SERGENT MAGINOT	PARIS 16E ARRDT	(2.2550855757367176,48.840872919541255)
154384	2	PLACE D IENA	PARIS 16E ARRDT	(2.2948767140390904,48.86499842994192)
154403	2	RUE HENRI HUCHARD	PARIS 18E ARRDT	(2.3357751770070854,48.89931002356024)
154407	4	AVENUE DU TRONE	PARIS 12E ARRDT	(2.397979326520266,48.84796649286869)
154419	\N	COURS LA REINE	PARIS 8E ARRDT	(2.3177079222916626,48.86498329971413)
154432	face 3	PLACE DES ETATS UNIS	PARIS 16E ARRDT	(2.2946108490314407,48.86774575632603)
154447	N°9	AVENUE DE LA PORTE DE VILLIERS	PARIS 17E ARRDT	(2.286474985923772,48.88372783738223)
154456	\N	RUE D ALESIA	PARIS 14E ARRDT	(2.3126619228048813,48.832481371202036)
154476	\N	PLACE SAINT SULPICE	PARIS 6E ARRDT	(2.3332188394731577,48.85060363330824)
154484	\N	BOULEVARD ARAGO	PARIS 14E ARRDT	(2.3408016772436024,48.834852030857)
154491	\N	AVENUE D ITALIE	PARIS 13E ARRDT	(2.3577967349765716,48.82381222351616)
154513	\N	RUE MAURICE GRIMAUD	PARIS 18E ARRDT	(2.3370673168215754,48.89985280923461)
154525	\N	AVENUE DE LA PORTE DE SAINT OUEN	PARIS 17E ARRDT	(2.3286393892618635,48.89793675088481)
154559	\N	PLACE SAINT SULPICE	PARIS 6E ARRDT	(2.333445374330031,48.850671998429846)
154568	\N	RUE DE CRIMEE	PARIS 19E ARRDT	(2.3724981183927683,48.89453059301633)
154608	\N	BOULEVARD SAINT MARCEL	PARIS 13E ARRDT	(2.352773728196839,48.836933053283985)
154615	\N	BOULEVARD VINCENT AURIOL	PARIS 13E ARRDT	(2.369170385434853,48.83537954489704)
154636	\N	AVENUE RAPHAEL	PARIS 16E ARRDT	(2.2677762126117633,48.85862456133034)
154658	\N	BOULEVARD ARAGO	PARIS 13E ARRDT	(2.3445071014909087,48.83507228252784)
154664	117b	RUE ORDENER	PARIS 18E ARRDT	(2.342925114898049,48.8926729169926)
154681	13	AVENUE DE LA PORTE DE CLIGNANCOURT	PARIS 18E ARRDT	(2.34397101820031,48.89896440058252)
154698	tpc	QUAI BRANLY	PARIS 7E ARRDT	(2.3004545194734547,48.86228913824766)
154699	SN	RUE JONGKIND	PARIS 15E ARRDT	(2.280819583502857,48.83968087394013)
154740	\N	BOULEVARD RASPAIL	PARIS 14E ARRDT	(2.3314454569149774,48.83734777009597)
154800	13	RUE VERSIGNY	PARIS 18E ARRDT	(2.343805038726863,48.89472028957673)
154803	38	RUE RENE BINET	PARIS 18E ARRDT	(2.3397060341529805,48.89932922925761)
154807	\N	BOULEVARD VOLTAIRE	PARIS 11E ARRDT	(2.3655995205676916,48.866346402285096)
154827	\N	AVENUE DU PRESIDENT WILSON	PARIS 16E ARRDT	(2.290298136307167,48.86363155968366)
154848	\N	ALLEE VIVALDI	PARIS 12E ARRDT	(2.393118242824599,48.84101412629997)
154868	133	RUE ORDENER	PARIS 18E ARRDT	(2.3409943750532256,48.8929383318469)
154873	40	RUE DE LA BRECHE AUX LOUPS	PARIS 12E ARRDT	(2.3953165151071936,48.83821649919465)
154899	\N	RUE DES CHEMINOTS	PARIS 18E ARRDT	(2.3576806132563246,48.89807993534092)
154916	F28	PLACE EMILE LANDRIN	PARIS 20E ARRDT	(2.400298031148961,48.86419257288985)
154928	VIII-10092	AVENUE DES CHAMPS ELYSEES	PARIS 8E ARRDT	(2.3148970926174055,48.867771540782435)
154951	\N	RUE DE CRIMEE	PARIS 19E ARRDT	(2.37264224448675,48.89437615726005)
154959	141-143	RUE DE BAGNOLET	PARIS 20E ARRDT	(2.4058966340046437,48.862000701617276)
154960	33	AVENUE HOCHE	PARIS 8E ARRDT	(2.3006872585951763,48.876048471832966)
154991	\N	PLACE SAINT SULPICE	PARIS 6E ARRDT	(2.3329318223341406,48.85067654974047)
154999	\N	RUE GOUTHIERE	PARIS 13E ARRDT	(2.3515853891305722,48.820271980260735)
155008	\N	AVENUE DES CHAMPS ELYSEES	PARIS 8E ARRDT	(2.3162802812024443,48.86665704304558)
155045	\N	BOULEVARD ARAGO	PARIS 14E ARRDT	(2.3383726498558244,48.834591729507444)
155073	\N	BOULEVARD ARAGO	PARIS 13E ARRDT	(2.345466487249733,48.83505732662924)
155074	189	RUE DU CHEVALERET	PARIS 13E ARRDT	(2.3680899397365445,48.83400084860411)
155091	tpc face 1	AVENUE DE LA PORTE DE SAINT OUEN	PARIS 17E ARRDT	(2.3288991730247903,48.89793093500811)
155107	\N	BOULEVARD ARAGO	PARIS 14E ARRDT	(2.3332782242399333,48.8345773827573)
155158	99	AVENUE MOZART	PARIS 16E ARRDT	(2.2678219630055834,48.85169852612585)
155165	\N	RUE BOBILLOT	PARIS 13E ARRDT	(2.3522765309903186,48.827778041799306)
155214	151	RUE CARDINET	PARIS 17E ARRDT	(2.3170544486527667,48.890226123545105)
155217	13	QUAI PANHARD ET LEVASSOR	PARIS 13E ARRDT	(2.385017823947659,48.82785620774047)
155218	\N	RUE DE LA POTERNE DES PEUPLIERS	PARIS 13E ARRDT	(2.3531085270348067,48.81901369859721)
155257	C1	ESPLANADE DES INVALIDES	PARIS 7E ARRDT	(2.311898933311254,48.86127634240623)
155260	4	BOULEVARD DE DENAIN	PARIS 10E ARRDT	(2.354444566441868,48.87913484760256)
155275	\N	RUE EUGENE FREYSSINET	PARIS 13E ARRDT	(2.371355189642054,48.83296678636006)
155285	55	QUAI D ORSAY	PARIS 7E ARRDT	(2.3086919203662206,48.86245934857276)
155287	5	RUE DE LA COSSONNERIE	PARIS 1ER ARRDT	(2.3491528183855594,48.86133309160381)
155295	4	RUE FRIANT	PARIS 14E ARRDT	(2.3246824193287323,48.826438109658724)
155312	43	RUE DE LONDRES	PARIS 9E ARRDT	(2.3261380594439967,48.87807515623728)
155313	9	AVENUE VICTOR HUGO	PARIS 16E ARRDT	(2.29247038555003,48.87260887884166)
155319	N°44	RUE DE LA CONVENTION	PARIS 15E ARRDT	(2.28129697512444,48.84403922058117)
155321	\N	RUE EUGENE FREYSSINET	PARIS 13E ARRDT	(2.369835251031871,48.834925632479155)
155326	3	RUE VIOLLET LE DUC	PARIS 9E ARRDT	(2.3407726051576954,48.881181718029126)
155349	\N	AVENUE DE LA PORTE D AUTEUIL	PARIS 16E ARRDT	(2.252539605158516,48.84790854901579)
155353	\N	AVENUE MONTAIGNE	PARIS 8E ARRDT	(2.305418108331239,48.86664006488543)
155364	63	BOULEVARD ARAGO	PARIS 13E ARRDT	(2.343548826099531,48.8347599400891)
155369	\N	RUE DU SERGENT MAGINOT	PARIS 16E ARRDT	(2.255052348186644,48.84093141024121)
155378	\N	RUE DUNOIS	PARIS 13E ARRDT	(2.366084516234079,48.833249177860885)
155381	\N	AVENUE DE L OBSERVATOIRE	PARIS 14E ARRDT	(2.3367381784806582,48.837792678328206)
155399	9	AVENUE EMILE DESCHANEL	PARIS 7E ARRDT	(2.3013934439260115,48.85609714935216)
155412	\N	BOULEVARD ARAGO	PARIS 14E ARRDT	(2.333678022669402,48.83432505003424)
155445	\N	RUE RENE CLAIR	PARIS 18E ARRDT	(2.3539111972747504,48.89409011118466)
155455	\N	AVENUE DES CHAMPS ELYSEES	PARIS 8E ARRDT	(2.319045963854725,48.86582981423913)
155468	tpc face 8	AVENUE DU PRESIDENT WILSON	PARIS 16E ARRDT	(2.2994651557270154,48.86508952162647)
155477	N ° 9	BOULEVARD DE VAUGIRARD	PARIS 15E ARRDT	(2.3193504831000626,48.84163128771148)
155492	\N	BOULEVARD KELLERMANN	PARIS 13E ARRDT	(2.351601350858976,48.82112315291938)
155505	\N	RUE MICHEL CHASLES	PARIS 12E ARRDT	(2.3737920716655596,48.84740773817481)
155530	\N	BOULEVARD ARAGO	PARIS 13E ARRDT	(2.350535055799162,48.836219623738394)
155534	\N	AVENUE INGRES	PARIS 16E ARRDT	(2.27024268451025,48.85824418396462)
155537	f74	BOULEVARD DE LA CHAPELLE	PARIS 18E ARRDT	(2.3542826932376983,48.88413997071924)
155563	\N	RUE VERGNIAUD	PARIS 13E ARRDT	(2.345251419403735,48.82650373812217)
155578	\N	RUE HENRY DE BOURNAZEL	PARIS 14E ARRDT	(2.313782012397264,48.82501503152971)
155586	5	PLACE SAINT THOMAS D ACQUIN	PARIS 7E ARRDT	(2.327384261649013,48.856013447638034)
157271	205	BOULEVARD MALESHERBES	PARIS 17E ARRDT	(2.303961690959555,48.8894367269072)
157273	86-88	RUE DES COURONNES	PARIS 20E ARRDT	(2.3868137339372137,48.87035802879786)
157287	\N	AVENUE DES CHAMPS ELYSEES	PARIS 8E ARRDT	(2.317871892056354,48.866151471006006)
157318	\N	BOULEVARD ARAGO	PARIS 13E ARRDT	(2.343238615236364,48.83495888110844)
157325	\N	PLACE DU TROCADERO ET DU ONZE NOVEMBRE	PARIS 16E ARRDT	(2.2883149807478245,48.863059127852594)
157330	\N	RUE CORVISART	PARIS 13E ARRDT	(2.3471372092231206,48.83228193834317)
157340	\N	BOULEVARD VINCENT AURIOL	PARIS 13E ARRDT	(2.3641201954533275,48.83370516337137)
157341	\N	AVENUE D IVRY	PARIS 13E ARRDT	(2.3662519232003336,48.82289658001858)
157349	32	RUE RENE BINET	PARIS 18E ARRDT	(2.3404621982039777,48.89934381799321)
157371	\N	VOIE GEORGES POMPIDOU	PARIS 1ER ARRDT	(2.3417934665751754,48.858480707543684)
157379	\N	RUE DES BATIGNOLLES	PARIS 17E ARRDT	(2.3237208249226566,48.88329223437315)
157394	\N	BOULEVARD ARAGO	PARIS 13E ARRDT	(2.3467546532859327,48.83508243985581)
157423	\N	RUE PAUL BOURGET	PARIS 13E ARRDT	(2.3586322269197737,48.81810663674424)
157432	N°46	RUE ROUELLE	PARIS 15E ARRDT	(2.289443722867272,48.84950754376294)
157442	8	IMPASSE DE LA PROVIDENCE	PARIS 20E ARRDT	(2.403962320963239,48.85378328699421)
157456	\N	VILLA COMPOINT	PARIS 17E ARRDT	(2.3237893184958254,48.89204023116216)
157487	\N	RUE ALEXANDER FLEMING	PARIS 19E ARRDT	(2.4030949550204705,48.88178073527202)
157508	\N	AVENUE DE L OBSERVATOIRE	PARIS 6E ARRDT	(2.3374736727870644,48.84386564883817)
157509	\N	AVENUE SECRETAN	PARIS 19E ARRDT	(2.3722316290944154,48.88174368752591)
157535	\N	RUE DU TRESOR	PARIS 4E ARRDT	(2.358202811344995,48.856950908481465)
157586	\N	AVENUE COURTELINE	PARIS 12E ARRDT	(2.4146222877245638,48.84405152055047)
157597	N°54	RUE CAMBRONNE	PARIS 15E ARRDT	(2.302024594360099,48.84452238185346)
157616	13-15	CHAUSSEE LA MUETTE	PARIS 16E ARRDT	(2.2733135590903135,48.858118347687174)
157676	\N	RUE DES NANETTES	PARIS 11E ARRDT	(2.383371490412642,48.86435119023808)
157682	35	AVENUE EMILE ZOLA	PARIS 15E ARRDT	(2.2824630661385568,48.84648698603246)
157693	\N	AVENUE D ITALIE	PARIS 13E ARRDT	(2.357470084122191,48.82485169069537)
157733	\N	RUE DU TRESOR	PARIS 4E ARRDT	(2.357624010532046,48.85712766561685)
157734	250	RUE DU FAUBOURG SAINT MARTIN	PARIS 10E ARRDT	(2.3669331028926646,48.88243780644313)
157742	61	QUAI D ORSAY	PARIS 7E ARRDT	(2.307295765199957,48.86237546653367)
157769	252	RUE DU FAUBOURG SAINT MARTIN	PARIS 10E ARRDT	(2.3670354166667584,48.88251983828066)
157775	SN	BOULEVARD DU GENERAL MARTIAL VALIN	PARIS 15E ARRDT	(2.273695963479193,48.83705783329029)
157782	4	RUE DIDOT	PARIS 14E ARRDT	(2.3214626511989174,48.83378288783441)
157783	33	BOULEVARD DU GENERAL MARTIAL VALIN	PARIS 15E ARRDT	(2.2729063396561076,48.837555977114796)
157789	46	RUE ORDENER	PARIS 18E ARRDT	(2.349272391761913,48.891676962516485)
157795	\N	BOULEVARD ARAGO	PARIS 13E ARRDT	(2.343742183289182,48.83498112811392)
157810	25	RUE ORDENER	PARIS 18E ARRDT	(2.354347328657174,48.89062640696613)
157817	182	RUE ORDENER	PARIS 18E ARRDT	(2.33357451750211,48.89407118827801)
157820	f 31	BOULEVARD DE LA VILLETTE	PARIS 10E ARRDT	(2.3747433784027057,48.874071507436206)
157842	\N	BOULEVARD KELLERMANN	PARIS 13E ARRDT	(2.355681699447411,48.82079133533333)
157849	141	AVENUE EMILE ZOLA	PARIS 15E ARRDT	(2.2950649818726347,48.84706052141721)
157861	N°17	BOULEVARD PASTEUR	PARIS 15E ARRDT	(2.3119487528684917,48.84417756802651)
157883	\N	RUE TRISTAN TZARA	PARIS 18E ARRDT	(2.362902142028745,48.89547942362266)
157904	5	PLACE ADOLPHE CHERIOUX	PARIS 15E ARRDT	(2.300727736897252,48.840407197071734)
157938	SN	BOULEVARD DU GENERAL MARTIAL VALIN	PARIS 15E ARRDT	(2.272524115868865,48.83746846256993)
157942	N°10	RUE LINOIS	PARIS 15E ARRDT	(2.282447100892497,48.84868139293944)
157947	202	RUE DU FAUBOURG SAINT MARTIN	PARIS 10E ARRDT	(2.363243169461698,48.87943311528546)
157957	\N	BOULEVARD ARAGO	PARIS 14E ARRDT	(2.3338616064916593,48.83460370837055)
157962	N°74	RUE DE SAUSSURE	PARIS 17E ARRDT	(2.313869717022761,48.88624174728993)
157993	6	RUE DU COLONEL DRIANT	PARIS 1ER ARRDT	(2.340990791873806,48.86329614263071)
158016	f108	PLACE DU PRESIDENT EDOUARD HERRIOT	PARIS 7E ARRDT	(2.3192549053351175,48.860829882992384)
158018	\N	BOULEVARD MORLAND	PARIS 4E ARRDT	(2.3629635348041624,48.8504980829612)
158019	N°74	RUE DE SAUSSURE	PARIS 17E ARRDT	(2.313940889256646,48.88621783182324)
158042	\N	AVENUE GABRIEL	PARIS 8E ARRDT	(2.3161620544363255,48.86823250983808)
158052	\N	RUE DARMESTETER	PARIS 13E ARRDT	(2.3755318392697755,48.82283803891303)
158057	\N	RUE SAINT MARTIN	PARIS 4E ARRDT	(2.3500058389056533,48.858565301147614)
158080	\N	AVENUE VICTOR HUGO	PARIS 16E ARRDT	(2.2905399342279846,48.871956486230836)
158105	\N	BOULEVARD ARAGO	PARIS 14E ARRDT	(2.338863057341827,48.834825601833515)
158134	\N	PLACE DE L ABBE FRANZ STOCK	PARIS 16E ARRDT	(2.259521111113528,48.83625249805368)
158139	\N	AVENUE DES CHAMPS ELYSEES	PARIS 8E ARRDT	(2.3176818815356888,48.866107558321794)
158141	f 7	BOULEVARD DE ROCHECHOUART	PARIS 9E ARRDT	(2.3485762734915565,48.883548427743236)
158148	\N	RUE CURNONSKY	PARIS 17E ARRDT	(2.296337415127883,48.89049921620787)
158150	f 11	RUE MAURICE DE LA SIZERANNE	PARIS 7E ARRDT	(2.3148144179791936,48.84722563230814)
158151	4	IMPASSE DE LA PROVIDENCE	PARIS 20E ARRDT	(2.4033630427594024,48.85430592553443)
158155	\N	RUE ORDENER	PARIS 18E ARRDT	(2.356288732754584,48.890419108773365)
158179	\N	RUE DES CORDELIERES	PARIS 13E ARRDT	(2.348800733960173,48.835144849267344)
158193	\N	BOULEVARD ARAGO	PARIS 14E ARRDT	(2.340162270687332,48.83466938849943)
158227	41	RUE HALLE	PARIS 14E ARRDT	(2.3313340244830187,48.83056085925579)
158231	\N	RUE MARYSE HILSZ	PARIS 20E ARRDT	(2.4124775071952107,48.85264806877585)
158235	\N	RUE DU DOCTEUR BOURNEVILLE	PARIS 13E ARRDT	(2.3588126787781967,48.81832452545599)
158287	\N	RUE VERCINGETORIX	PARIS 14E ARRDT	(2.311847590460249,48.833090955847354)
158344	\N	RUE DE L OURCQ	PARIS 19E ARRDT	(2.374753577377378,48.89373514221582)
158354	\N	RUE BARRAULT	PARIS 13E ARRDT	(2.34671883511087,48.82264938123497)
158360	137 bis	AVENUE EMILE ZOLA	PARIS 15E ARRDT	(2.2943170771497403,48.84702291132292)
158383	\N	PLACE SAINT FERDINAND	PARIS 17E ARRDT	(2.2881900916520337,48.878032208397435)
158419	\N	BOULEVARD ARAGO	PARIS 14E ARRDT	(2.3407471772977027,48.83469529228972)
158502	N°11	VILLA COMPOINT	PARIS 17E ARRDT	(2.3248744523132334,48.891763959650376)
158516	15	RUE FRANCIS DE CROISSET	PARIS 18E ARRDT	(2.3451645592630133,48.89930365104206)
158530	\N	RUE ESQUIROL	PARIS 13E ARRDT	(2.360968027134712,48.83432334299933)
158622	27	RUE DES BLANCS MANTEAUX	PARIS 4E ARRDT	(2.3562417374055444,48.859275258573255)
158706	\N	AVENUE VICTOR HUGO	PARIS 16E ARRDT	(2.2883679802098587,48.871035914525145)
158712	139	AVENUE EMILE ZOLA	PARIS 15E ARRDT	(2.294612263808043,48.84703663704005)
158720	\N	PLACE DE LA PORTE DE PASSY	PARIS 16E ARRDT	(2.2643607694681305,48.85726931784815)
158725	46	RUE RENE BINET	PARIS 18E ARRDT	(2.338815174426083,48.89931056383144)
158762	\N	RUE DU CHATEAU DES RENTIERS	PARIS 13E ARRDT	(2.361318508750098,48.830754259413034)
158793	\N	AVENUE DES GOBELINS	PARIS 13E ARRDT	(2.353184011109675,48.835206428066314)
158805	150	RUE ORDENER	PARIS 18E ARRDT	(2.337100864690015,48.89358479747573)
158830	46	BOULEVARD ARAGO	PARIS 13E ARRDT	(2.3451600550896985,48.835101135865536)
158841	62	RUE DU SURMELIN	PARIS 20E ARRDT	(2.4064508033508196,48.86965446221467)
158843	\N	BOULEVARD KELLERMANN	PARIS 13E ARRDT	(2.3584474214613382,48.81891164288781)
158852	\N	AVENUE D IVRY	PARIS 13E ARRDT	(2.3673955869978887,48.82232633549312)
158910	75	RUE ORDENER	PARIS 18E ARRDT	(2.3492290605838804,48.89157146938539)
158933	\N	BOULEVARD ARAGO	PARIS 13E ARRDT	(2.3421809378823415,48.83491147661802)
158942	186 (Quais bas)	JARDINIERES DU BASSIN LOUIS BLANC / 184 QUAI DE JEMMAPES	PARIS 10E ARRDT	(2.3679780260416905,48.87989074788137)
158977	210	RUE DU FAUBOURG SAINT MARTIN	PARIS 10E ARRDT	(2.36361742777335,48.87973941299776)
158988	259	RUE DU FAUBOURG SAINT MARTIN	PARIS 10E ARRDT	(2.3677756273127906,48.883319710690124)
159002	\N	RUE LOUIS PASTEUR VALLERY RADOT	PARIS 18E ARRDT	(2.334641300925495,48.90052571950686)
159024	\N	AVENUE CLAUDE VELLEFAUX	PARIS 10E ARRDT	(2.370424580849817,48.874812655439406)
159025	\N	RUE EUGENIE EBOUE	PARIS 12E ARRDT	(2.385890986140818,48.84565344260768)
159039	\N	RUE BOIS LE VENT	PARIS 16E ARRDT	(2.277331289399824,48.85754869703968)
159051	N°7	RUE DES QUATRE FRERES PEIGNOT	PARIS 15E ARRDT	(2.283760781899971,48.84709812065367)
159066	\N	AVENUE VICTOR HUGO	PARIS 16E ARRDT	(2.2832930994255194,48.86872988562409)
159093	12	RUE DU SIMPLON	PARIS 18E ARRDT	(2.3514624492578298,48.89352927541145)
159101	66	RUE DES COURONNES	PARIS 20E ARRDT	(2.3850363929230007,48.8702099736785)
159108	\N	AVENUE DE LA SOEUR ROSALIE	PARIS 13E ARRDT	(2.3542372334974324,48.8316594297869)
159116	18	RUE RENE BINET	PARIS 18E ARRDT	(2.3414579101930837,48.8993020470585)
159127	23	AVENUE DU BEL AIR	PARIS 12E ARRDT	(2.3970939928548223,48.84682822920183)
159128	41	RUE BOUSSINGAULT	PARIS 13E ARRDT	(2.3434278668689763,48.82500240443165)
159157	236	RUE CHAMPIONNET	PARIS 18E ARRDT	(2.328530837610283,48.89332493561187)
159161	188	RUE DU FAUBOURG SAINT MARTIN	PARIS 10E ARRDT	(2.362375481476024,48.878717503178514)
159170	69	RUE ORDENER	PARIS 18E ARRDT	(2.350321761370251,48.891369788693716)
159175	\N	RUE BARRAULT	PARIS 13E ARRDT	(2.346688905058324,48.82314107450662)
159181	\N	ALLEE DARIUS MILHAUD	PARIS 19E ARRDT	(2.385743867860793,48.88334027098405)
159189	\N	BOULEVARD ARAGO	PARIS 13E ARRDT	(2.3473728058849708,48.835277271924575)
159234	\N	VILLA COMPOINT	PARIS 17E ARRDT	(2.3242155384367673,48.891902014312436)
159236	2	RUE GEORGE BERNARD SHAW	PARIS 15E ARRDT	(2.2927200137160457,48.852434774882134)
159248	\N	BOULEVARD ARAGO	PARIS 14E ARRDT	(2.3358372034023973,48.834689687865286)
159254	6	RUE DE L ABBE SOULANGE BODIN	PARIS 14E ARRDT	(2.3178325854513004,48.83549989724407)
159269	51	BOULEVARD LEFEBVRE	PARIS 15E ARRDT	(2.291851140343091,48.831236418146815)
159270	\N	BOULEVARD ARAGO	PARIS 13E ARRDT	(2.3443261371992423,48.834793232626886)
159283	10	RUE DE LA MOSKOWA	PARIS 18E ARRDT	(2.334872449423379,48.89682561630399)
159289	11	RUE DES MARCHAIS	PARIS 19E ARRDT	(2.3979138409186755,48.884225047334425)
159323	54	RUE ORDENER	PARIS 18E ARRDT	(2.3481568308174294,48.89188165322837)
159329	\N	AVENUE DU DOCTEUR ARNOLD NETTER	PARIS 12E ARRDT	(2.4056880465216435,48.84419370639542)
159352	46	RUE RENE BINET	PARIS 18E ARRDT	(2.338810915681159,48.89937351323308)
159366	\N	BOULEVARD ARAGO	PARIS 14E ARRDT	(2.3339974333883875,48.83460938071522)
159404	N°12	AVENUE FELIX FAURE	PARIS 15E ARRDT	(2.2910070730564103,48.84244017139617)
159414	\N	AVENUE CLAUDE VELLEFAUX	PARIS 10E ARRDT	(2.370428666261395,48.874552497570875)
159419	14	AVENUE DE LA PORTE DE VINCENNES	PARIS 12E ARRDT	(2.41306980007452,48.84671906371011)
159427	angle rue Reaumur	RUE DUSSOUBS	PARIS 2E ARRDT	(2.3494735617958415,48.86700602596086)
159430	35	BOULEVARD LEFEBVRE	PARIS 15E ARRDT	(2.2908991110659613,48.83173369399474)
159434	1	AVENUE INGRES	PARIS 16E ARRDT	(2.2660087697238063,48.856804765762035)
159439	SN°	PLACE DE LA LAICITE	PARIS 15E ARRDT	(2.275131794772566,48.84379861216008)
159496	63	QUAI DE GRENELLE	PARIS 15E ARRDT	(2.283006370607937,48.85001031282222)
161121	4	RUE HENRI HUCHARD	PARIS 18E ARRDT	(2.335473396293523,48.899240187472905)
161126	N°50	AVENUE FELIX FAURE	PARIS 15E ARRDT	(2.2871885608642746,48.840880042031614)
161149	TPC FN°35	BOULEVARD PASTEUR	PARIS 15E ARRDT	(2.3128760373251893,48.8427702785389)
161181	\N	RUE CROZATIER	PARIS 12E ARRDT	(2.3804977692962574,48.84844591928554)
161183	\N	AVENUE D IVRY	PARIS 13E ARRDT	(2.368910506969125,48.82178203249881)
161188	\N	AVENUE D IVRY	PARIS 13E ARRDT	(2.3685580995151216,48.82174391279383)
161198	\N	RUE DES BATIGNOLLES	PARIS 17E ARRDT	(2.320812104119982,48.88493910375184)
161200	252	RUE DU FAUBOURG SAINT MARTIN	PARIS 10E ARRDT	(2.3671181223036406,48.88258838526216)
161212	\N	RUE JEANNE D ARC	PARIS 13E ARRDT	(2.361331769448204,48.83515208826805)
161251	9	RUE LEREDDE	PARIS 13E ARRDT	(2.3738769770890213,48.82831614446695)
161282	\N	RUE DES CORDELIERES	PARIS 13E ARRDT	(2.348672693485473,48.835505477061105)
161296	\N	AVENUE HENRI MARTIN	PARIS 16E ARRDT	(2.2764373536550746,48.86419036190959)
161303	3	RUE CUSTINE	PARIS 18E ARRDT	(2.349118953621799,48.887452240165004)
161330	\N	COURS LA REINE	PARIS 8E ARRDT	(2.314652141758264,48.86495985487017)
161343	\N	RUE ANDRE VOGUET	PARIS 13E ARRDT	(2.3738537556800585,48.81949449734681)
161365	49	RUE ORDENER	PARIS 18E ARRDT	(2.3522274275088235,48.891020053466114)
161439	\N	RUE CROZATIER	PARIS 12E ARRDT	(2.380191281346836,48.84855739344908)
161463	16	BOULEVARD LEFEBVRE	PARIS 15E ARRDT	(2.290205185853455,48.83167709822981)
161468	\N	AVENUE VICTOR HUGO	PARIS 16E ARRDT	(2.283746935910858,48.86906235904664)
161474	13	BOULEVARD LEFEBVRE	PARIS 15E ARRDT	(2.2893698849102297,48.83231386077426)
161476	\N	RUE VERCINGETORIX	PARIS 14E ARRDT	(2.309862050338095,48.83183279053897)
161477	N°12	RUE JOBBE DUVAL	PARIS 15E ARRDT	(2.2988682079997917,48.834691565129546)
161500	\N	RUE DE LAGNY	PARIS 20E ARRDT	(2.413864946155034,48.8492800625073)
161502	15	RUE JEAN FAUTRIER	PARIS 13E ARRDT	(2.371160177418013,48.825620796194144)
161503	31	BOULEVARD DE BONNE NOUVELLE	PARIS 2E ARRDT	(2.3488511824598337,48.87041017784308)
161511	9	RUE ERNEST LEFEVRE	PARIS 20E ARRDT	(2.403101182247629,48.86911074799857)
161513	N°27	AVENUE FELIX FAURE	PARIS 15E ARRDT	(2.289654005531025,48.84174276649536)
161563	\N	RUE JEANNE D ARC	PARIS 13E ARRDT	(2.36062239369613,48.83567274836029)
161577	\N	AVENUE CLAUDE VELLEFAUX	PARIS 10E ARRDT	(2.370195267101028,48.875931829000216)
161592	SN°	RUE MATHURIN REGNIER	PARIS 15E ARRDT	(2.3088061160338036,48.83832930601489)
161614	\N	BOULEVARD KELLERMANN	PARIS 13E ARRDT	(2.352729115984531,48.82112633267643)
161626	11	AVENUE DU PERE LACHAISE	PARIS 20E ARRDT	(2.397667692765629,48.86408335188434)
161665	19	RUE FERNAND LEGER	PARIS 20E ARRDT	(2.3906874893531755,48.86426926411126)
161695	SN	RUE JONGKIND	PARIS 15E ARRDT	(2.280942632934786,48.8397041276478)
161698	\N	RUE DE LA CHINE	PARIS 20E ARRDT	(2.4004711344802514,48.86598181540477)
161706	\N	PLACE SOUHAM	PARIS 13E ARRDT	(2.3680502406306956,48.828759080585286)
161760	\N	BOULEVARD ARAGO	PARIS 13E ARRDT	(2.3506275318993666,48.83631515751309)
161768	5	BOULEVARD DE BERCY	PARIS 12E ARRDT	(2.3805324132218133,48.840344988108825)
161809	\N	VILLA COMPOINT	PARIS 17E ARRDT	(2.324091083075811,48.8919409226618)
161824	\N	RUE GEORGES THILL	PARIS 19E ARRDT	(2.3890689600686117,48.88678022800393)
161849	65	RUE ORDENER	PARIS 18E ARRDT	(2.350591744453469,48.89132082274378)
161853	99	RUE ORDENER	PARIS 18E ARRDT	(2.34678267269369,48.892022769200665)
161873	45	QUAI D ORSAY	PARIS 7E ARRDT	(2.309811287461992,48.86242912487541)
161878	\N	RUE COMPANS	PARIS 19E ARRDT	(2.393095293254118,48.8781781226844)
161885	\N	PLACE DE L ABBE FRANZ STOCK	PARIS 16E ARRDT	(2.259208556133371,48.836298968084265)
161888	\N	RUE YEO THOMAS	PARIS 13E ARRDT	(2.3620702334183594,48.83135872283173)
161924	41	AVENUE DU DOCTEUR ARNOLD NETTER	PARIS 12E ARRDT	(2.405557720356505,48.8437060860629)
161935	\N	RUE HENRI HUCHARD	PARIS 18E ARRDT	(2.335777734786784,48.89924693350854)
161948	\N	BOULEVARD ARAGO	PARIS 13E ARRDT	(2.342174571567134,48.83496987814382)
161965	153	RUE CARDINET	PARIS 17E ARRDT	(2.31740381223792,48.89059178005447)
161995	\N	COURS DE VINCENNES	PARIS 20E ARRDT	(2.4046277672661054,48.84788003491346)
162011	\N	RUE DE FOURCY	PARIS 4E ARRDT	(2.359009899316944,48.85475620223794)
162027	\N	RUE LOUISE WEISS	PARIS 13E ARRDT	(2.3703084569360136,48.83373129407144)
162041	FN°41	QUAI ANDRE CITROEN	PARIS 15E ARRDT	(2.2782703379529616,48.84711807788718)
162047	\N	AVENUE DU DOCTEUR ARNOLD NETTER	PARIS 12E ARRDT	(2.405708595031357,48.84427455898508)
162079	10	BOULEVARD DE BERCY	PARIS 12E ARRDT	(2.379890487665957,48.84045609785966)
162084	\N	AVENUE RAPHAEL	PARIS 16E ARRDT	(2.2679475660973027,48.86159108106194)
162118	\N	RUE CHALIGNY	PARIS 12E ARRDT	(2.384379951224888,48.84984286849455)
162122	\N	BOULEVARD NEY	PARIS 18E ARRDT	(2.3497319219538966,48.898106472932845)
162123	\N	RUE DE FOURCY	PARIS 4E ARRDT	(2.3589174055679103,48.85466728512696)
162138	\N	VILLA COMPOINT	PARIS 17E ARRDT	(2.3244516652318943,48.891822930801204)
162140	153	RUE CARDINET	PARIS 17E ARRDT	(2.317361902165746,48.890694741584085)
162141	23	RUE MULLER	PARIS 18E ARRDT	(2.344961306488837,48.886406937732325)
162154	251	RUE DU FAUBOURG SAINT MARTIN	PARIS 10E ARRDT	(2.3672849731984353,48.88292365366642)
162156	\N	AVENUE CLAUDE VELLEFAUX	PARIS 10E ARRDT	(2.37042863263551,48.87450170205823)
162165	\N	BOULEVARD VINCENT AURIOL	PARIS 13E ARRDT	(2.3645800908587042,48.83371032627229)
162211	\N	AVENUE MATIGNON	PARIS 8E ARRDT	(2.3125398799962746,48.87013880041684)
162215	SN	BOULEVARD DU GENERAL MARTIAL VALIN	PARIS 15E ARRDT	(2.2738106650468364,48.83705872937088)
162228	\N	BOULEVARD ARAGO	PARIS 14E ARRDT	(2.339635269145049,48.83479993938257)
162237	\N	RUE TIRON	PARIS 4E ARRDT	(2.3578697334942995,48.85566451757901)
162295	\N	AVENUE VICTOR HUGO	PARIS 16E ARRDT	(2.2912035067426464,48.872236824685274)
162325	53	RUE ORDENER	PARIS 18E ARRDT	(2.351737636252758,48.89110907448564)
162339	\N	RUE EUGENIE COTTON	PARIS 19E ARRDT	(2.395046993834094,48.87885994146171)
162370	\N	BOULEVARD CARNOT	PARIS 12E ARRDT	(2.4130697199747027,48.84227160362703)
162397	37	BOULEVARD DE PORT ROYAL	PARIS 13E ARRDT	(2.346182081326615,48.83735126113691)
162399	75	RUE CROZATIER	PARIS 12E ARRDT	(2.3792559808183706,48.84972791745845)
162419	\N	PLACE DE L ABBE FRANZ STOCK	PARIS 16E ARRDT	(2.259555694833311,48.836218914461355)
162467	69	RUE ORDENER	PARIS 18E ARRDT	(2.3502496756259994,48.891384862329836)
162472	\N	AVENUE PRUDHON	PARIS 16E ARRDT	(2.2695270167935964,48.85899023435849)
162494	\N	RUE MARYSE HILSZ	PARIS 20E ARRDT	(2.4126396559159176,48.851743556416906)
162495	14	AVENUE DE LA PORTE DE VINCENNES	PARIS 12E ARRDT	(2.413212051744912,48.8467053538458)
162506	\N	RUE TRISTAN TZARA	PARIS 18E ARRDT	(2.3631109746515593,48.89545801729217)
162524	\N	AVENUE DES GOBELINS	PARIS 13E ARRDT	(2.3525490803530387,48.83547044611614)
162531	\N	AVENUE SECRETAN	PARIS 19E ARRDT	(2.3709298621888864,48.88230866310871)
162541	\N	BOULEVARD DE L HOPITAL	PARIS 13E ARRDT	(2.3578652778358866,48.83487582172152)
162546	19	BOULEVARD DE BERCY	PARIS 12E ARRDT	(2.3882004282778238,48.83906494117849)
162567	\N	RUE CHARLES BERTHEAU	PARIS 13E ARRDT	(2.36386805217208,48.82302275201791)
162600	\N	AVENUE GEORGES MANDEL	PARIS 16E ARRDT	(2.2840499437577595,48.86333799016551)
162608	Statue CDG	AVENUE DES CHAMPS ELYSEES	PARIS 8E ARRDT	(2.3130987658739706,48.867461287269066)
162633	\N	RUE DE CRIMEE	PARIS 19E ARRDT	(2.3729581396339356,48.894590564391166)
162671	FN°39	QUAI ANDRE CITROEN	PARIS 15E ARRDT	(2.278408183800885,48.84721552287772)
162680	17	RUE DES FRERES D ASTIER DE LA VIGERIE	PARIS 13E ARRDT	(2.362134200821795,48.823697320381505)
162701	\N	RUE CHARBONNEL	PARIS 13E ARRDT	(2.3423422956332267,48.82219989957341)
162703	\N	RUE DU DOCTEUR BOURNEVILLE	PARIS 13E ARRDT	(2.358545936019297,48.81853127275276)
162723	N°101	AVENUE FELIX FAURE	PARIS 15E ARRDT	(2.2830250458193406,48.83907423017322)
162746	N°7	RUE GEORGE BERNARD SHAW	PARIS 15E ARRDT	(2.2932242114706973,48.85226833631353)
162760	\N	RUE DE DOMREMY	PARIS 13E ARRDT	(2.3717920920103763,48.829636194756816)
162824	\N	AVENUE VICTOR HUGO	PARIS 16E ARRDT	(2.289760146309418,48.871461749375385)
162854	N°135	AVENUE FELIX FAURE	PARIS 15E ARRDT	(2.280090721672161,48.837579228767744)
162864	131	AVENUE JEAN JAURES	PARIS 19E ARRDT	(2.3830868620183034,48.88633317586553)
162868	\N	PLACE DE LA PORTE DE PASSY	PARIS 16E ARRDT	(2.263675581425628,48.85751330162061)
162885	\N	BOULEVARD ARAGO	PARIS 14E ARRDT	(2.338817074644015,48.834610268697)
162892	\N	RUE SAINT MARTIN	PARIS 4E ARRDT	(2.3499671052154016,48.85849443603105)
162894	4	BOULEVARD DU FORT DE VAUX	PARIS 17E ARRDT	(2.303156740186851,48.893474715671886)
162901	51	AVENUE GEORGES MANDEL	PARIS 16E ARRDT	(2.2803942553070273,48.863574411940526)
162904	150	AVENUE EMILE ZOLA	PARIS 15E ARRDT	(2.295076709733159,48.84694906212692)
162942	\N	RUE DU CHATEAU DES RENTIERS	PARIS 13E ARRDT	(2.3698415353790856,48.82477879982387)
162958	\N	AVENUE CLAUDE VELLEFAUX	PARIS 10E ARRDT	(2.3701880672828057,48.8766361464293)
162970	8	PASSAGE DU POTEAU	PARIS 18E ARRDT	(2.3370317535447254,48.89738965020714)
162980	\N	PLACE DE L ASSOMMOIR	PARIS 18E ARRDT	(2.3505977833844915,48.88471222870955)
162997	N°14	PLACE DU COMMERCE	PARIS 15E ARRDT	(2.2933748104672267,48.84466832542314)
163006	N°3	RUE LINOIS	PARIS 15E ARRDT	(2.282172871388302,48.84909202013058)
163010	17	QUAI FRANCOIS MAURIAC	PARIS 13E ARRDT	(2.3784424865553424,48.833100391400635)
163019	53	RUE ORDENER	PARIS 18E ARRDT	(2.35184589031486,48.891089707209964)
163034	12	RUE DU COLONEL DRIANT	PARIS 1ER ARRDT	(2.3399579487941966,48.86353927127435)
163067	33	RUE GEOFFROY SAINT HILAIRE	PARIS 5E ARRDT	(2.3559176799872192,48.84101491084896)
163156	\N	BOULEVARD ARAGO	PARIS 13E ARRDT	(2.3507257067607474,48.83628112236195)
163166	207	RUE DU FAUBOURG SAINT MARTIN	PARIS 10E ARRDT	(2.364084401063572,48.8803230492695)
163181	10	AVENUE DE L OBSERVATOIRE	PARIS 6E ARRDT	(2.3363709516578806,48.841440071537235)
163184	\N	RUE DE LA CHAPELLE	PARIS 18E ARRDT	(2.3592158904374396,48.894707683351086)
163198	\N	AVENUE DE LA SIBELLE	PARIS 14E ARRDT	(2.3380222765791827,48.825096465808855)
163213	\N	RUE FAGON	PARIS 13E ARRDT	(2.357241062648775,48.83262346871354)
163214	\N	RUE DES NONNAINS D HYERES	PARIS 4E ARRDT	(2.358038850582761,48.85371941936175)
163229	150	AVENUE EMILE ZOLA	PARIS 15E ARRDT	(2.294843059327868,48.84693747741246)
163241	60	RUE DU MOULIN DE LA POINTE	PARIS 13E ARRDT	(2.356401566845805,48.82169292835675)
163251	3	RUE FRANCIS JAMMES	PARIS 10E ARRDT	(2.3678816064159025,48.8783183082202)
163264	12	RUE DE LA POTERNE DES PEUPLIERS	PARIS 13E ARRDT	(2.352940813468172,48.8196907949515)
163272	\N	BOULEVARD ARAGO	PARIS 14E ARRDT	(2.341003462314242,48.83491960889787)
163288	17	RUE VAUVENARGUES	PARIS 18E ARRDT	(2.333636693516023,48.89298513701604)
163317	\N	AVENUE DES GOBELINS	PARIS 13E ARRDT	(2.355148231552843,48.832371726189706)
163352	\N	AVENUE LAMORICIERE	PARIS 12E ARRDT	(2.4121525050456505,48.84498392947809)
163364	\N	RUE DES BATIGNOLLES	PARIS 17E ARRDT	(2.3208624797402817,48.884907107116156)
163391	\N	RUE CHARBONNEL	PARIS 13E ARRDT	(2.342841875761564,48.82241106564936)
163392	\N	RUE TIRON	PARIS 4E ARRDT	(2.3577436663588944,48.85564304259673)
163396	\N	PLACE DE L ASSOMMOIR	PARIS 18E ARRDT	(2.3505270216652723,48.884618937056494)
163397	tpc	QUAI BRANLY	PARIS 7E ARRDT	(2.3001794213031554,48.862218092738225)
163438	\N	AVENUE DE LA PORTE DE MONTROUGE	PARIS 14E ARRDT	(2.321002447475624,48.82131500840663)
163446	94	RUE DE L AMIRAL MOUCHEZ	PARIS 14E ARRDT	(2.343793184861586,48.820299022651234)
163453	N°58	RUE DE LA PROCESSION	PARIS 15E ARRDT	(2.3088504661301332,48.836968863047986)
163468	81	RUE ORDENER	PARIS 18E ARRDT	(2.348325932443803,48.89173880247206)
163489	89	COURS DE VINCENNES	PARIS 20E ARRDT	(2.408292460548047,48.84757367929365)
163504	TPC FN°33	BOULEVARD PASTEUR	PARIS 15E ARRDT	(2.3125936987280102,48.84312726161106)
163521	\N	BOULEVARD ARAGO	PARIS 13E ARRDT	(2.349049323545623,48.835744932733846)
163551	2	RUE RENE BINET	PARIS 18E ARRDT	(2.343339379727641,48.89940592836615)
163582	40	RUE BOINOD	PARIS 18E ARRDT	(2.351646856004367,48.894043751128955)
163632	\N	BOULEVARD DE L HOPITAL	PARIS 13E ARRDT	(2.357902760002012,48.834926959556086)
163645	\N	RUE THOMAS FRANCINE	PARIS 14E ARRDT	(2.337388911279437,48.82647660703365)
163651	\N	RUE VANDREZANNE	PARIS 13E ARRDT	(2.353828566194445,48.827394706170494)
163659	\N	BOULEVARD ARAGO	PARIS 14E ARRDT	(2.3340245467664276,48.83434004873242)
163715	f rue hôpital st Louis	QUAI DE JEMMAPES	PARIS 10E ARRDT	(2.3642491702141806,48.87560645949215)
163745	4	RUE RENE BINET	PARIS 18E ARRDT	(2.343098983010202,48.89946214655666)
163763	\N	RUE RENE BINET	PARIS 18E ARRDT	(2.3426573800389643,48.899390510341306)
163818	\N	QUAI DE LA LOIRE	PARIS 19E ARRDT	(2.3782219021417053,48.88712536085337)
163852	\N	BOULEVARD ARAGO	PARIS 13E ARRDT	(2.3457142446478056,48.835067986132145)
163858	TPC FN°16	BOULEVARD PASTEUR	PARIS 15E ARRDT	(2.3115492331531424,48.84404226693548)
163891	60	RUE RENE BINET	PARIS 18E ARRDT	(2.3376787996757775,48.89934894046663)
5978	19	RUE MESNIL	PARIS 16E ARRDT	(2.284167893129039,48.867782291649725)
26942	\N	RUE FAGON	PARIS 13E ARRDT	(2.3581539755561103,48.83221094931308)
29457	50	BOULEVARD DE PORT ROYAL	PARIS 5E ARRDT	(2.346614639958525,48.837503115730236)
31307	\N	AVENUE DE MALAKOFF	PARIS 16E ARRDT	(2.283890353083431,48.87496422236582)
36781	12	BOULEVARD DU FORT DE VAUX	PARIS 17E ARRDT	(2.3022900506923656,48.893145026816256)
140691	\N	PLACE MAZAS	PARIS 12E ARRDT	(2.366481911207529,48.84586575376277)
65523	8	BOULEVARD DE BERCY	PARIS 12E ARRDT	(2.3793609417941664,48.84054889528728)
68947	\N	BOULEVARD ARAGO	PARIS 13E ARRDT	(2.3494189390693516,48.83616277281554)
85617	N°19	BOULEVARD PASTEUR	PARIS 15E ARRDT	(2.3121346557505698,48.84394350076384)
100224	TPC FN°25	BOULEVARD PASTEUR	PARIS 15E ARRDT	(2.312257020031684,48.84355528990397)
140061	\N	AVENUE D IVRY	PARIS 13E ARRDT	(2.3667164525928,48.82287851541999)
152867	TPC	QUAI BRANLY	PARIS 7E ARRDT	(2.295783298902887,48.86079012496)
153432	65	AVENUE DE SUFFREN	PARIS 7E ARRDT	(2.2995691609847984,48.85210539700268)
153815	\N	RUE D ALESIA	PARIS 14E ARRDT	(2.311890683449306,48.83277608286453)
154158	\N	AVENUE D IVRY	PARIS 13E ARRDT	(2.3612064114414375,48.82549444688017)
154324	217	RUE CHAMPIONNET	PARIS 18E ARRDT	(2.330481923599201,48.89364289158173)
154509	133	RUE DE TOLBIAC	PARIS 13E ARRDT	(2.3604988891220944,48.82615945792359)
157548	\N	ALLEE DARIUS MILHAUD	PARIS 19E ARRDT	(2.3860394865941457,48.883517967102186)
162956	\N	AVENUE DES GOBELINS	PARIS 13E ARRDT	(2.353892064059157,48.83353161154773)
\.


--
-- Data for Name: taxonomy; Type: TABLE DATA; Schema: public; Owner: -
--

COPY public.taxonomy (id, name_id, genre_id, species_id, variety_id) FROM stdin;
17	304	7	26	421
29	382	11	77	100
50	378	1	350	149
63	388	15	163	281
69	293	4	400	84
70	383	11	122	66
78	407	5	240	540
102	390	6	99	389
105	293	4	400	345
181	293	4	400	36
193	421	3	490	448
198	293	4	386	482
200	391	6	163	569
240	293	4	480	215
241	304	7	174	557
248	362	40	443	199
295	293	4	564	273
305	388	15	163	211
349	374	71	563	423
369	304	7	174	13
381	261	31	454	197
417	390	6	99	353
422	293	4	386	462
453	338	2	180	542
459	245	47	579	528
464	337	22	204	214
489	293	4	78	174
514	293	4	400	412
587	304	7	174	152
622	338	2	551	82
629	421	3	20	359
639	368	43	372	539
644	338	2	218	55
653	421	3	126	240
664	262	6	445	515
677	421	3	387	190
695	266	12	63	190
702	378	1	568	414
710	319	21	472	35
745	407	5	240	427
780	293	4	322	541
789	262	6	51	392
804	262	6	594	49
873	230	27	66	474
901	293	4	400	300
924	388	15	163	229
935	245	47	260	377
951	421	3	562	222
956	372	14	324	268
975	293	4	386	225
1018	278	37	468	564
1091	360	16	195	382
1098	293	4	430	289
1124	391	6	163	418
1129	372	14	13	419
1138	372	14	549	451
1191	298	20	497	493
1195	274	8	419	190
1203	265	6	355	554
1231	293	4	386	118
1243	421	3	560	371
1289	262	6	445	15
1297	262	6	567	501
1325	293	4	430	290
1358	262	6	51	200
1362	372	14	13	414
1363	265	6	355	9
1402	400	17	399	63
1421	266	12	63	205
1438	400	17	399	538
1445	304	7	26	334
1478	298	20	497	513
1500	383	11	122	57
1503	247	33	231	39
1514	421	3	490	80
1540	407	5	240	382
1543	319	21	472	410
1549	293	4	386	133
1559	293	4	386	162
\.


--
-- Data for Name: tree_domains; Type: TABLE DATA; Schema: public; Owner: -
--

COPY public.tree_domains (id, domain) FROM stdin;
1	Alignement
2	DASCO
3	CIMETIERE
4	PERIPHERIQUE
5	DAC
6	DFPE
7	DASES
8	Jardin
9	DJS
\.


--
-- Data for Name: tree_genres; Type: TABLE DATA; Schema: public; Owner: -
--

COPY public.tree_genres (id, genre) FROM stdin;
1	Platanus
2	Aesculus
3	Tilia
4	Acer
5	Styphnolobium
6	Prunus
7	Fraxinus
8	Quercus
9	Pinus
10	Celtis
11	Pyrus
12	Carpinus
13	Corylus
14	Populus
15	Malus
16	Ulmus
17	Robinia
18	Taxus
19	Betula
20	Gleditsia
21	Fagus
22	Magnolia
23	Paulownia
24	Cercis
25	Juglans
26	Chamaecyparis
27	Ginkgo
28	Ostrya
29	Liriodendron
30	Cedrus
31	Toona
32	Non spécifié
33	Alnus
34	Koelreuteria
35	Lagerstroemia
36	Pterocarya
37	Liquidambar
38	Ailanthus
39	Morus
40	Zelkova
41	Cupressus
42	Amelanchier
43	Parrotia
44	Ligustrum
45	x Cupressocyparis
46	Catalpa
47	Crataegus
48	Cornus
49	Sorbus
50	Salix
51	Ilex
52	Albizia
53	Thuja
54	Gymnocladus
55	Trachycarpus
56	Eriolobus
57	Broussonetia
58	Aria
59	Picea
60	Castanea
61	Cercidiphyllum
62	Olea
63	Melia
64	Elaeagnus
65	Diospyros
66	Abies
67	Metasequoia
68	Sambucus
69	Ficus
70	Cydonia
71	Photinia
72	Tetradium
73	Eucalyptus
74	Buxus
75	Sequoiadendron
76	Laburnum
77	Maclura
78	Calocedrus
79	Platycladus
80	x Chitalpa
81	Viburnum
82	Fontanesia
83	Cladrastis
84	Rhus
85	Mespilus
86	Sequoia
87	Nothofagus
88	Clerodendrum
89	Ehretia
90	Eriobotrya
91	Laurus
92	Larix
93	Phillyrea
94	Tamarix
95	Acacia
96	Phellodendron
97	Juniperus
98	Cephalotaxus
99	Araucaria
100	Taxodium
101	Davidia
102	Nyssa
103	Arbutus
104	Hibiscus
105	Zanthoxylum
106	Euonymus
107	Carya
108	Ptelea
109	Halesia
110	Cryptomeria
111	Sassafras
112	Cotinus
113	Firmiana
114	Aralia
115	Cotoneaster
116	Heptacodium
117	Alangium
118	Eucommia
119	Poncirus
120	Osmanthus
121	Lonicera
122	Torreya
123	Tsuga
124	Staphylea
125	Rhododendron
126	Pseudotsuga
127	Pterostyrax
128	Punica
129	Cunninghamia
130	Syringa
131	Hovenia
132	Chionanthus
133	Butia
134	Pittosporum
135	x Sycoparrotia
136	Thujopsis
137	Asimina
138	Fremontodendron
139	Sophora
140	Rhamnus
141	Cinnamomum
142	Styrax
143	Chimonanthus
144	Brahea
145	Wollemia
146	Pistacia
147	Caragana
148	Buddleja
149	Poliothyrsis
150	Kalopanax
151	Maackia
152	Luma
153	Cordyline
154	Idesia
155	Phoenix
156	Chaenomeles
157	Podocarpus
158	Bischofia
159	Callistemon
160	Platycarya
161	x Crataemespilus
162	Washingtonia
163	Exochorda
164	Parrotiopsis
165	Sabal
166	Chamaerops
167	Stachyurus
168	Garrya
169	Argyrocytisus
170	Taiwania
171	Keteleeria
172	Enkianthus
173	Vitex
174	Euscaphis
175	Hippophae
176	Aronia
177	Hemiptelea
178	Daphniphyllum
179	Carica
180	Philadelphus
181	Sycopsis
182	Lithocarpus
183	Jubaea
184	Cudrania
185	Sapindus
186	x Sorbopyrus
187	Wisteria
188	Acca
189	Abelia
190	Genista
191	Brucea
\.


--
-- Data for Name: tree_names; Type: TABLE DATA; Schema: public; Owner: -
--

COPY public.tree_names (id, name) FROM stdin;
215	Abelia
216	Abricotier
217	Abricotier fruit
218	Ailante
219	Alangium
220	Alisier
221	Althéa
222	Amandier
223	Amélanchier
224	Andromède
225	Angélique
226	Araucaria
227	Arbousier
228	Arbre aux mouchoirs
229	Arbre aux perles
230	Arbre aux quarante écus
231	Arbre de Judée
232	Arbre à Gutta-Percha
233	Arbre à caramel
234	Arbre à miel
235	Arbre à perruque
236	Arbre à savon
237	Arbre à soie
238	Argousier
239	Aria edulis
240	Aria edulis Magnifica
241	Aria edulis Majestica
242	Aronie
243	Asiminier
244	Aubepine
245	Aubépine
246	Aubépine hybride
247	Aulne
248	Belle Josephine
249	Bischofia
250	Bouleau
251	Brucea javanica
252	Buddleja
253	Buis
254	Cabrillet
255	Callistemon
256	Camphrier
257	Caragana
258	Caraganier
259	Caryer
260	Catalpa
261	Cedrele
262	Cerisier à fleurs
263	Cerisier à fleurs, cerisier griotte
264	Cerisier à fruits
265	Cerisier à grappes
266	Charme
267	Charme-Houblon
268	Chicot du Canada
269	Chimonanthe
270	Chionanthe
271	Chitalpa
272	Châtaignier
273	Chèvrefeuille
274	Chêne
275	Citronnier
276	Clerodendron
277	Cognassier
278	Copalme
279	Cordyline
280	Cormier
281	Cornouiller
282	Cotoneaster
283	Cryptomeria
284	Cunninghamia
285	Cyprès
286	Cyprès Chauve
287	Cytise
288	Cèdre
289	Céphalotaxe
290	Daphniphyllum
291	Eleagnus - Chalef
292	Epicéa
293	Erable
294	Eucalyptus
295	Euscaphis
296	Faux dattier
297	Faux-cyprès
298	Fevier
299	Ficus
300	Figuier
301	Filaire
302	Fontanesia
303	Fremontia
304	Frêne
305	Frêne à fleurs
306	Fusain
307	Fustet d Amérique
308	Gainier
309	Garrya
310	Genévrier
311	Genêt
312	Glycine
313	Goyavier
314	Grenadier
315	Halesia
316	Heptacodion de Chine
317	Hiba
318	Houx
319	Hêtre
320	Idesia
321	If
322	Kalopanax
323	Kétéleeria
324	Laurier
325	Laurier des Açores
326	Laurier des Iroquois
327	Laurier du Portugal
328	Laurier du caucase
329	Laurier sauce
330	Laurier-Cerise
331	Libocèdre
332	Lilas
333	Lilas de Perse
334	Lilas des indes
335	Lithocarpus
336	Maackie
337	Magnolia
338	Marronnier
339	Merisier
340	Metaséquoia
341	Micocoulier
342	Mimosa
343	Muscadier
344	Myrte du Chili
345	Mélèze
346	Mûrier
347	Nerprun
348	Noisetier
349	Noisetier de Byzance
350	Noisetier fruit
351	Non spécifié
352	Nothofagus
353	Noyer
354	Néflier
355	Néflier commun
356	Olivier
357	Olivier odorant
358	Oranger de Chine
359	Oranger des Osages
360	Orme
361	Orme de Samarie
362	Orme de Sibérie
363	Ormeau épineux
364	Ostryer
365	Palmier
366	Papayer
367	Parrotie
368	Parrotie de Perse
369	Parrotie de Perse - Arbre de fer
370	Parrotiopsis
371	Paulownia
372	Peuplier
373	Phellodendron
374	Photinia
375	Pin
376	Pistachier
377	Plaqueminier
378	Platane
379	Platycarya
380	Podocarpus
381	Poirier
382	Poirier à fleurs
383	Poirier à fruits
384	Poivrier
385	Poliothyrsis
386	Pommier
387	Pommier à fleurs
388	Pommier à fruits
389	Prunellier
390	Prunier à fleurs
391	Prunier à fruits
392	Prunus Fleur n. sp.
393	Prunus Fruit n. sp.
394	Prunus n. sp.
395	Pterocarya
396	Pterostyrax
397	Pêcher
398	Raisinier
399	Rhododendron
400	Robinier
401	Sapin
402	Sapin Douglas
403	Saule
404	Savonnier
405	Sequoia
406	Seringas
407	Sophora
408	Sophora flavescens
409	Sorbier
410	Staphylier
411	Sterculier
412	Styphnolobium microphylla Hilsop
413	Styrax
414	Sumac
415	Sureau
416	Sycoparrotia
417	Sycopsis
418	Taiwania
419	Tamaris
420	Thuya
421	Tilleul
422	Troene
423	Troëne
424	Tsuga
425	Tulipier
426	Tupélo
427	Viorne
428	Virgilier
\.


--
-- Data for Name: tree_species; Type: TABLE DATA; Schema: public; Owner: -
--

COPY public.tree_species (id, species) FROM stdin;
1	Fleur n. sp.
2	Fruit n. sp.
3	Ianuginosa
4	abies
5	acalycina
6	acerifolia
7	acuminata
8	acuminata subsp. subcordata
9	acutifolia
10	acutissima
11	ailantifolia
12	alaternus
13	alba
14	albidum
15	albosinensis
16	alleghaniensis
17	alnifolia
18	altissima
19	ambigua
20	americana
21	americana var. heterophylla
22	americanum
23	amurense
24	amurensis
25	anagyroides
26	angustifolia
27	angustifolia subsp. oxycarpa
28	angustifolia subsp. syriacus
29	antarctica
30	antarctica var. uliginosa
31	aprica
32	aquatica
33	aquifolium
34	araucana
35	arborea
36	arborescens
37	arboreum
38	aria
39	arizonica
40	armata
41	armeniaca
42	asperata
43	asperata var. retroflexa
44	atlantica
45	aucuparia
46	augustinii
47	auricularis
48	aurita
49	australis
50	avellana
51	avium
52	azedarach
53	babylonica
54	babylonica var. pekinensis
55	baccata
56	baccata f. Aurea
57	baccata var. mandshurica
58	bakeri
59	balearica
60	banksiana
61	battandieri
62	benjamina
63	betulus
64	bicolor
65	bignonioides
66	biloba
67	biondii
68	bipinnata
69	bracteata
70	brevifolia
71	breweriana
72	buergerianum
73	bungeana
74	bungei
75	californica
76	californicum
77	calleryana
78	campestre
79	camphora
80	canadensis
81	canariensis
82	canbyi
83	capillipes
84	capitata
85	cappadocicum
86	caprea
87	caribaeum
88	carica
89	carolina
90	caroliniana
91	carpinifolia
92	carpinifolium
93	castaneifolia
94	cathartica
95	cathayana
96	cathayensis
97	cembra
98	cephalonica
99	cerasifera
100	cerasus
101	cerris
102	champlainensis
103	chengiana
104	chenmoui
105	chequen
106	chilensis
107	chinense
108	chinensis
109	chinensis subsp. rhynchophylla
110	chinensis var. sargentii
111	chinensis var. wilsonii
112	chrysocarpa var. phoenicea
113	cilicica
114	cinerea
115	circinatum
116	cissifolium
117	coccifera
118	coccinea
119	coggygria
120	colchica
121	colurna
122	communis
123	concolor
124	contorta var. latifolia
125	controversa
126	cordata
127	cordiformis
128	coreana
129	coriaceifolium
130	coronarius
131	corymbosa
132	coulteri
133	crassifolia
134	crus-galli
135	cryptomerioides
136	curdica
137	daniellii
138	daniellii var. hupehensis
139	daphnoides
140	dasystyla
141	dasystyla subsp. caucasica
142	davidiana
143	davidii
144	davidii subsp. grosseri
145	davurica
146	dealbata
147	decidua
148	decora
149	decurrens
150	delavayi subsp. potaninii
151	deltoides
152	densiflora
153	dentata
154	denudata
155	deodara
156	diabolicum
157	dicksonii
158	dioica
159	discolor
160	distichum
161	distichum var. imbricatum
162	dolabrata
163	domestica
164	duclouxii
165	dulcis
166	edulis
167	elata
168	elliptica
169	engelmannii
170	ermanii
171	europaea
172	europaeus
173	europea
174	excelsior
175	exigua
176	faginea
177	falcata
178	fargesii
179	filifera
180	flava
181	flavescens
182	floribunda
183	florida
184	formosana
185	forrestii
186	fortunei
187	fragilis
188	frainetto
189	franchetii
190	fraxinifolia
191	funebris
192	germanica
193	giganteum
194	giraldii
195	glabra
196	glabra Huds.
197	glandulosa
198	glauca
199	glehnii
200	glutinosa
201	glyptostroboides
202	gmelinii
203	granatum
204	grandiflora
205	grandis
206	griseum
207	gunnii
208	halepensis
209	harringtonii
210	heldreichii
211	heldreichii subsp. Trautvetteri
212	henryana
213	henryi
214	heterophylla
215	heterophyllum
216	heterophyllus
217	himalense var. macropodum
218	hippocastanum
219	hispida
220	homolepis
221	hookeriana
222	humilis
223	humilis var. microphylla
224	hupehensis
225	hybrida
226	hypoleuca
227	hyrcanum
228	ilex
229	illinoinensis
230	imbricaria
231	incana
232	incisa
233	indica
234	intermedia
235	involucrata
236	involucrata var. vilmoriniana
237	ioensis
238	ithaburensis var. macrolepis
239	jacquemontiana
240	japonicum
241	japonicum var. pubescens
242	japonicus
243	javanica
244	jeffreyi
245	jessoensis
246	julianae
247	julibrissin
248	kaempferi
249	kaki
250	kazinoki
251	kentukea
252	kiusiana
253	kobus
254	koraiensis
255	koreana
256	kousa
257	kousa var. chinensis
258	koyamai
259	labilis
260	laevigata
261	laevis
262	lamarckii
263	lanata
264	lanceolata
265	lanceolata var. konishii
266	lasiocarpa
267	latifolia
268	laurifolia
269	laurocerasus
270	lawsoniana
271	lenta
272	leylandii
273	libani
274	libani subsp. brevifolia
275	likiangensis var. montigena
276	liliiflora
277	lobata
278	lotus
279	lucidum
280	luminifera
281	lusitanica
282	lusitanica subsp.azorica
283	maackii
284	macranthera
285	macrocarpa
286	macrophylla
287	macrophyllum
288	macrophyllus
289	magnifica
290	mahaleb
291	major
292	mandshurica
293	mariana
294	marilandica
295	mas
296	maxima
297	maximowicziana
298	maximowiczianum
299	medwediewii
300	meliosmifolia
301	menziesii
302	menziesii var. glauca
303	miconioides
304	microcarpa
305	microphylla
306	minor
307	minor var. vulgaris
308	miqueliana
309	mollissima
310	mongolica
311	monogyna
312	monogyna var. monogyna
313	monophylla
314	monspessulanum
315	monticola
316	muehlenbergii
317	mugo
318	mukorossi
319	myrsinifolia
320	n. sp.
321	nebrodensis
322	negundo
323	negundo subsp. Californicum
324	nigra
325	nigra subsp. laricio
326	nigra subsp. nigra
327	nigra subsp. salzmannii
328	nivalis
329	nobilis
330	nootkatensis
331	nordmanniana
332	numidica
333	obliqua
334	obliqua var. macrocarpa
335	oblonga
336	oblongum
337	obovata
338	obovatus
339	obtusa
340	obtusifolium
341	occidentalis
342	occidentalis var. reticulata
343	odoratissimum
344	officinalis
345	oliveri
346	oliverianum
347	omorika
348	opalus
349	opalus subsp. obtusatum
350	orientalis
351	ornus
352	ovalifolium
353	ovalis
354	ovata
355	padus
356	palmatum
357	palustris
358	paniculata
359	papaya
360	papyrifera
361	pardei
362	parviflora
363	parvifolia
364	parvula
365	pauciflora
366	pavia
367	pekinensis
368	pendula
369	pendula var. pendula
370	pennsylvanica
371	pensylvanicum
372	persica
373	persica var.nucipersica
374	petraea
375	petraea subsp. dschorochensis
376	phellos
377	phillyreoides
378	phillyreoides subsp. fortunei
379	pictum
380	pinaster
381	pinea
382	pinsapo
383	piperitum
384	pisifera
385	platanifolium
386	platanoides
387	platyphyllos
388	plicata
389	polycarpa
390	pomifera
391	ponderosa
392	ponderosa subsp. scopulorum
393	pontica
394	populifolia
395	potaninii
396	praecox
397	procera
398	prunifolia
399	pseudoacacia
400	pseudoplatanus
401	pubescens
402	pumila
403	pungens
404	pungens f. Glauca
405	purpurea
406	pyrenaica
407	pyrifolia
408	quadrangulata
409	radiata
410	ramosissima
411	randaiensis
412	recurvata
413	regia
414	retusus
415	rhamnoides
416	rhoifolia
417	rhombifolia
418	rigida
419	robur
420	robusta
421	rosmarinifolia
422	rotundifolia var. aboriginum
423	rubra
424	rubrum
425	rufa
426	rufinerve
427	rysophylla
428	sabina
429	sabiniana
430	saccharinum
431	saccharum
432	salicifolia
433	sanguinea
434	sargentii
435	sativa
436	scalaris
437	schrenkiana
438	sellowiana
439	semidecidua
440	sempervirens
441	septemlobus
442	serotina
443	serrata
444	serrula
445	serrulata
446	sieboldianum
447	sieboldii
448	sieversii
449	siliquastrum
450	simonii
451	simplex
452	simulans
453	sinense
454	sinensis
455	sinica
456	sitchensis
457	smithiana
458	sp.
459	spathulata
460	speciosa
461	spectabilis
462	spinosa
463	sprengeri
464	stellata
465	stenoptera
466	strobilacea
467	strobus
468	styraciflua
469	subaequalis
470	suber
471	suber subsp. Occidentalis
472	sylvatica
473	sylvatica var. biflora
474	sylvestris
475	sylvestris var. sylvestris
476	syriacus
477	szechuanica var. tibetica
478	tabuliformis
479	tashkentensis
480	tataricum
481	tataricum subsp. ginnala
482	taurica
483	tenuifolia
484	terebinthus
485	tetrandra
486	thurifera
487	tianschanica
488	tinus
489	tomentella
490	tomentosa
491	toringo
492	toringo var. sargentii
493	toringoides
494	torminalis
495	transitoria
496	tremula
497	triacanthos
498	triacanthos f. Inermis
499	trichocarpa
500	trichotomum
501	trichotomum var. fargesii
502	tricuspidata
503	triflora
504	triflorum
505	trifoliata
506	triloba
507	trilobatus
508	tripetala
509	trojana
510	truncatum
511	tschonoskii
512	tulipifera
513	turbinata
514	turczaninowii
515	typhina
516	ulmoides
517	umbellata
518	unedo
519	ussuriensis
520	utilis
521	utilis subsp. albosinensis
522	variabilis
523	velutina
524	venustula
525	verniciflua
526	vestita
527	vilmoriniana
528	vilmorinii
529	viminalis
530	virginiana
531	virginicus
532	viridis
533	viscosa
534	vulgare
535	vulgaris
536	wagnerianus
537	wallichiana
538	wilsonii
539	x Sepulcralis
540	x ambigua
541	x arnoldiana
542	x atrosanguinea
543	x berolinensis
544	x bixbyi
545	x blireana
546	x brooklynensis
547	x burkwoodii
548	x caerulea
549	x canadensis
550	x canescens
551	x carnea
552	x chinensis
553	x colurnoides
554	x conspicuum
555	x coriaceum
556	x durettii
557	x ebbingei
558	x erubescens
559	x euchlora
560	x europaea
561	x flaccida
562	x flavescens
563	x fraseri
564	x freemanii
565	x gondouinii
566	x heterophylla
567	x hillieri
568	x hispanica
569	x hollandica
570	x kewensis
571	x lavalleei
572	x lettermanii
573	x libanerris
574	x loebneri
575	x macrantha
576	x margaretta
577	x marschlinsii
578	x media
579	x mordenensis
580	x mutabilis
581	x neglecta
582	x pendulina
583	x persimilis
584	x pfitzeriana
585	x proctoriana
586	x prunifolia
587	x purpurea
588	x rehderiana
589	x robusta
590	x schmittii
591	x sorbifolia
592	x soulangeana
593	x spaethii
594	x subhirtella
595	x thuringiaca
596	x turneri
597	x watereri
598	x yedoensis
599	x zoeschense
600	x zumi
601	xanthoxyloides
602	xerubescens
\.


--
-- Data for Name: tree_stages; Type: TABLE DATA; Schema: public; Owner: -
--

COPY public.tree_stages (id, stage) FROM stdin;
1	Mature
2	Adulte
3	Jeune (arbre)Adulte
4	Jeune (arbre)
\.


--
-- Data for Name: tree_varieties; Type: TABLE DATA; Schema: public; Owner: -
--

COPY public.tree_varieties (id, variety) FROM stdin;
1	Aberdoniae
2	Accolade
3	Afghanica
4	Aglandau
5	Akane
6	Alaska
7	Alba
8	Alba Plena
9	Albertii
10	Albomarginata
11	Aldenhamensis
12	Alexandrine Douillard
13	Altena
14	Alumii
15	Amanogawa
16	Amber Beauty
17	Amboise
18	Amsden
19	Ananas Reinette
20	André Desportes
21	Angelys
22	Angustifolius
23	Annae
24	Api Rose
25	Aprikose von Nancy
26	Argentea Marginata
27	Argenteovariegata
28	Arie Peters
29	Aspleniifolia
30	Atlantica Aurea
31	Atlantica Glauca
32	Atlantica Glauca Pendula
33	Atlantica Pendula
34	Atropunicea
35	Atropurpurea
36	Atropurpureum
37	Atrovirens
38	Aucubifolia
39	Aurea
40	Aurea Marginata
41	Aurea Pendula
42	Aureomarginata
43	Aureomarginatum
44	Aureovariegata
45	Aureovariegatum
46	Aureum
47	Autumn Applause
48	Autumn Flame
49	Autumnalis
50	Autumnalis Rosea
51	Avondale
52	Balaton
53	Ballerina
54	Ballerina Bolero
55	Baumannii
56	Baumanns Reinette
57	Beech Hill
58	Belle Fleur Jaune
59	Belle Josephine
60	Belle de Louvain
61	Belle de Pontoise
62	Bergeron
63	Bessoniana
64	Beurré Clairgeau
65	Beurré Giffard
66	Beurré Hardy
67	Beurré Lebrun
68	Bigarreau Hatif Burlat
69	Bigarreau Napoleon NAPOLEON
70	Bigarreau blanc
71	Bigarreau n. sp.
72	Bloodgood
73	Blush
74	Bon Accueil
75	Bondy
76	Bonne Louise dAvranches
77	Bonne de Bry
78	Borowitsky
79	Boubri
80	Brabant
81	Bradford
82	Briotii
83	Brown Turkey
84	Bruchem
85	Buergeri
86	Böhlje
87	Calliprinos
88	Calville Rouge dHiver
89	Calville blanc
90	Calville rouge
91	Canada Rouge
92	Carrierei
93	Castanaefolia
94	Castewellan
95	Caucasica
96	Chailleux
97	Champion
98	Chantecler
99	Chantecler BELCHARD
100	Chanticleer
101	Charneux
102	Chat rôti
103	Chenonceau
104	Chermesina
105	Chrysocoma
106	Cimmzam
107	Cipressino Pyramidal
108	Clanbrassiliana
109	Clapps Favourite
110	Cleveland
111	Cockleshell
112	Coeur de Pigeon Clair
113	Coeur de Pigeon Rouge
114	Colapuy
115	Colorata
116	Columella
117	Columna
118	Columnare
119	Columnaris
120	Coluteoides
121	Compacta
122	Comtesse de Paris
123	Concordia
124	Conference
125	Conica
126	Conseiller à la Cour
127	Conspicua
128	Contorta
129	Court Pendu Gris
130	Courtarou
131	Courtarou COCCINELLA
132	Coxs Orange
133	Crimson King
134	Crispa
135	Dampieri
136	Dawyck
137	Dawyck Purple
138	De lEstre
139	Deborah
140	Decaisneana
141	Delcorf DELBARD ESTIVALE
142	Desber BERGERAC
143	Descha PECHARMANT
144	Descyr
145	Desemi SAINT-EMILION
146	Desmon
147	Desmond MONBAZILLAC
148	Desmou LA MOUSSON
149	Digitata
150	Dila
151	Dissectum
152	Diversifolia
153	Dixi Red
154	Docteur Jules Guyot
155	Dodoens
156	Doorenbos
157	Dot
158	Doux dArgent
159	Dovastoniana
160	Doyenné du Comice COMICE
161	Drap dOr
162	Drummondii
163	Duc de Bordeaux
164	Duchesse dAngoulême
165	Durondeau de Tongre
166	Early rivers
167	Eddies White Wonder
168	Edulis
169	Elegans
170	Elegantissima
171	Eleyi
172	Ellwangeriana
173	Ellwoodii
174	Elsrijk
175	Elstar
176	Emerald Queen
177	Erecta
178	Erecta viridis
179	Erythrocladum
180	Erythroflexuosa
181	Esveld Select
182	Evereste
183	Evereste PERPETU
184	Excelsa
185	Exoniensis
186	Fairview
187	Farlakes Green
188	Faros
189	Fastigia
190	Fastigiata
191	Fastigiate Koster
192	Fastigiatum
193	Ferox
194	Ferruginea
195	Fertile de Coutard
196	Filifera
197	Flamingo
198	Flekova
199	Flekova GREEN VASE
200	Flore Pleno
201	Flore Roseo Pleno
202	Flying Dragon
203	Forest Pansy
204	Franksred RED SUNSET
205	Frans Fontaine
206	Frisia
207	Fritzi Pauley
208	Fruit n.sp.
209	Fruitless
210	Fugenzo
211	Fuji
212	Fukubana
213	Galaxy
214	Galissonnière
215	Garann HOT WINGS
216	Garden Sun Red
217	Gibbsii
218	Glauca
219	Glauca Elegans
220	Glauca Lombartsii
221	Glauca Pendula
222	Glenleven
223	Globosa
224	Globosa Nana
225	Globosum
226	Gloster
227	Goblin
228	Gold Bark
229	Golden Delicious
230	Golden Hornet
231	Golden n.sp.
232	Gracilis
233	Grand Alexandre
234	Grand Champion
235	Grandidentata
236	Granny Smith
237	Green Column
238	Green Glory
239	Green Spire
240	Greenspire
241	Groseille
242	Grosse Mignonne
243	Général Leclerc
244	Hallessche Riesen
245	Hamabo
246	Hatif Colomer
247	Heaven Scent
248	Hedelfingen Riesenkirsche GÉANT DHEDELFINGEN
249	Henk Vink
250	Heritage
251	Heterophylla
252	Hetz
253	Hibernica
254	Hillieri
255	Hilsop
256	Hizakura
257	Hokusai
258	Honey Dew
259	Hongaarse
260	Horizontalis
261	Huibers Elegant
262	Idared
263	Imperialis
264	Induta
265	Indybra BRAISE D ÉTÉ
266	Indynei NEIGE DÉTÉ
267	Inversa
268	Italica
269	Jacqueline Hillier
270	Jacquemontii
271	Jaspidea
272	Jeanne dArc
273	Jeffersred AUTUMN BLAZE
274	John Downie
275	Jonagold
276	Joppi
277	Kanzan
278	Keithsform NORWEGIAN SUNSET
279	Kidds Orange Red
280	Kiku-shidare-zakura
281	King of the Pippins
282	Kkho1 HOT PINK
283	Klara Mayer
284	Koehnei
285	Kojou-no-mai
286	Koster
287	Krasinski
288	Laciniata
289	Laciniatum
290	Laciniatum Wieri
291	Lambertin n°1
292	Lane
293	Lanes Prince Albert
294	Lapins
295	Le Curé
296	Lemoinei
297	Lemon Pippin
298	Leoccino
299	Leonard messel
300	Leopoldii
301	Lico
302	Liempde
303	Locard vert
304	Louise Bonne de Printemps
305	Lucombeana
306	Luisa Lady
307	Luizet
308	Lutea
309	Luteovariegata
310	Lycopodioides
311	MUSCAT
312	Macrophylla
313	Macrophyllum
314	Madeleine des deux Saisons
315	Magnifica
316	Magnificum Nakai
317	Majestica
318	Margaux
319	Marginata
320	Marianna
321	Marmotte
322	Maya
323	Mayette
324	Meczek
325	Melrose
326	Memmingeri
327	Merrill
328	Minaret
329	Minima
330	Minsum SUMMER BELLS
331	Mirabelle
332	Mirabelle de Nancy
333	Moltkei
334	Monophylla
335	Montmorency
336	Morton
337	Mostapfel President Descourt
338	Nana
339	Nanguen LUTECE
340	Nannetensis
341	Nanum
342	Naruto
343	Neaboriensis
344	Neapolitanum
345	Negenia
346	Nelly Stevens
347	Nero
348	New Horizon RESISTA
349	New Jersey
350	Nicoline
351	Nidiformis
352	Niedzwetzkyana
353	Nigra
354	Nissens Corona
355	Nivea
356	Nizetii
357	Nociara
358	Noire de Caromb
359	Nova
360	Obelisk
361	October Glory
362	Oiseau Bleu
363	Okame
364	Olbrichii
365	Olmsted
366	Ombrella
367	Osakazuki
368	Otto Luyken
369	Oxford
370	PLATANOR®
371	Pallida
372	Pandora
373	Parisienne
374	Passe Crassane
375	Patte de Loup
376	Pauls Scarlet
377	Pauls Scarlet Hamlet
378	Paus Johannes-Paulus II
379	Paus Johannes-Paulus II OBELISK
380	Peasgoods Nonsuch
381	Pembury Blue
382	Pendula
383	Pendula Rubra
384	Petite Pink
385	Pfitzeriana Aurea
386	Pfitzeriana glauca
387	Pink Cascade CASQUE ROUGE
388	Pink Dawn
389	Pissardii
390	Plantierensis
391	Plantijn
392	Plena
393	Polonais
394	Pomme damour
395	Porlock
396	Postelense
397	Princess
398	Princeton sentry
399	Pringreen GREEN PILLAR
400	Prinz Handjery
401	Professeur Vilaine
402	Professor Sprenger
403	Précoce Henin
404	Précoce de Saumur
405	Précoce de Trévoux
406	Pulverulenta
407	Punicea
408	Purple Tower
409	Purpurea
410	Purpurea Pendula
411	Purpurea Tricolor
412	Purpureum
413	Pyramidale
414	Pyramidalis
415	Pyramidalis Alba
416	Queen Elisabeth
417	Quercifolia
418	Quetsche dAlsace
419	Raket
420	Rancho
421	Raywood
422	Red Imperator
423	Red Robin
424	Red Sentinel
425	Redhaven
426	Redspire
427	Regent
428	Reine Claude
429	Reine Claude Dorée
430	Reine Claude Tardive de Chambourcy
431	Reine Claude dOullins
432	Reine Claude de Bavay
433	Reine des Vergers
434	Reinette Abry
435	Reinette Blanche du Canada
436	Reinette Clochard
437	Reinette Dorée de Blenheim
438	Reinette Etoilée
439	Reinette Grise du Canada
440	Reinette dArmorique
441	Reinette de Caux
442	Reinette dorée de Versailles
443	Reinette du Canada
444	Reinette du Mans
445	Reitenbachii
446	Repandens
447	Repandens Aurea
448	Rheinland
449	Riversii
450	Robin Hill
451	Robusta
452	Rode Boskoop BOSKOOP ROUGE
453	Rohan Obelisk
454	Rohanii
455	Rosea Nova
456	Roseum
457	Rosy Ridge
458	Rotfuchs
459	Rotundifolia
460	Rouge Briard
461	Royal Burgundy
462	Royal red
463	Rubra
464	Rubra Plena
465	Rubrum
466	Rudolph
467	Rutgan STELLAR PINK
468	Sainte Catherine
469	Salicifolia
470	Sandraudiga
471	Sangokaku
472	Sanguine Vineuse
473	Sapporo Autumn Gold RESISTA®
474	Saratoga
475	Saturne
476	Saugeana
477	Scanlon
478	Schlesingeri
479	Schnee
480	Schone van Boskoop BELLE DE BOSKOOP
481	Schouten
482	Schwedleri
483	Seiju
484	Sensation
485	Sericea
486	Shademaster
487	Sharon
488	Shinseiki
489	Shirotae
490	Shubert
491	Shôgetsu
492	Silver Cardinal
493	Skyline
494	Slender Silhouette
495	Smaragd
496	Soir dété
497	Soldat Laboureur
498	Souvenir de Courson
499	Spaeth
500	Speciosa
501	Spire
502	Splendens
503	Splender Silhouette
504	Squarrosa
505	Stardust
506	Starking
507	Stewartii
508	Straight Hedge
509	Street Parade
510	Stricta
511	Sucrée de Montluçon
512	Summit
513	Sunburst
514	Sundew
515	Sunset Boulevard
516	Sunshine
517	Susan
518	Szeleste
519	TBM 32/34
520	Taihaku
521	Tamariscifolia
522	Tempelhof
523	Tenroy ROYAL GALA
524	Teton de Vénus
525	Theodonensis
526	Thunberg
527	Tiefurt
528	Toba
529	Topred
530	Tortuosa
531	Totem
532	Transparente de Croncels
533	Tricolor
534	Triomf van Boskoop
535	Tristan
536	Umbraculifera
537	Umineko
538	Unifolia
539	Vanessa
540	Variegata
541	Variegatum
542	Vestita
543	Victoria
544	Vilandry
545	Virginiana
546	Vitellina
547	Vossii
548	Vranja
549	Vérité
550	Wageningen
551	Wanoux VADA
552	Warrenred PACIFIC SUNSET
553	Washingtonii
554	Watereri
555	Webbs Prize Cob
556	Weschcke
557	Westhofs Glorie
558	Williams
559	Williams Bon Chrétien
560	Williams WILLIAMS ROUGE
561	Winesap Royal Red
562	Winter Banana
563	Winter Gold
564	Worplesdon
565	Yellow Bird
566	Youngii
567	Zebrina
568	Zlatia
569	n. sp.
\.


--
-- Data for Name: trees; Type: TABLE DATA; Schema: public; Owner: -
--

COPY public.trees (idbase, id_location_legacy, circumference, height, id, remarkable, diameter, domain_id, stage_id, taxonomy_id, location_id) FROM stdin;
209691	101028	80	10	43751	f	25.464790894703256	1	2	644	100224
243967	301039	113	10	17377	f	35.96901713876835	1	2	644	141419
244857	101059	143	15	131011	f	45.518313724282066	1	2	644	144280
244888	101053	18	4	19422	f	5.729577951308232	1	4	644	155349
227067	102008	102	11	198933	f	32.46760839074665	1	2	1362	140906
245523	101012	35	6	176692	f	11.140846016432674	1	4	644	152185
245507	101006	74	10	45780	f	23.55493157760051	1	3	644	162084
209408	301001	79	9	167735	f	25.146481008519466	1	3	644	157616
209326	102013	79	9	34648	f	25.146481008519466	1	3	644	161296
214460	202043	55	7	96325	f	17.507043740108486	1	3	587	162671
250704	1404001	135	10	206578	f	42.97183463481174	1	2	1543	143373
260709	202001	220	17	207404	f	70.02817496043394	1	2	956	143428
264982	501009	102	9	74047	f	32.46760839074665	1	2	1243	140340
205322	202004	80	10	151997	f	25.464790894703256	1	2	622	142336
258368	103002	35	7	110386	f	11.140846016432674	1	4	1549	153624
249624	202008	45	7	59660	f	14.32394487827058	1	3	514	161463
205355	903002	52	6	56189	f	16.552114081557114	1	4	622	154827
258242	101043	45	7	139476	f	14.32394487827058	1	3	622	159269
234585	101004	80	12	54830	f	25.464790894703256	1	2	1243	139955
252981	406010	75	8	85120	f	23.8732414637843	1	2	644	139213
277101	402008	50	6	171	f	15.915494309189533	1	4	622	153798
249588	202027	45	7	68311	f	14.32394487827058	1	2	29	139916
267285	202021	97	15	86161	f	30.876058959827695	1	2	1129	36781
255556	101014	65	8	11699	f	20.690142601946395	1	2	29	141006
276836	802006	90	10	50042	f	28.64788975654116	1	2	622	141249
255497	101006	45	7	83451	f	14.32394487827058	1	2	29	140175
280552	101017	118	10	72550	f	37.5605665696873	1	2	644	140225
204582	602002	55	12	53130	f	17.507043740108486	1	3	1325	161592
229053	2501006	60	6	52219	f	19.098593171027442	1	4	29	152533
2025662	101003	36	5	166115	f	11.459155902616464	1	4	248	151902
266991	101005	85	8	38002	f	27.05634032562221	1	2	644	141173
227569	2806001	20	3	32629	f	6.366197723675814	1	4	102	154456
209039	304008	80	10	48887	f	25.464790894703256	1	2	644	141355
210969	301006	65	10	93406	f	20.690142601946395	1	4	695	155578
227657	602001	70	6	155860	f	22.281692032865347	1	2	1297	141979
2021171	2703001	44	5	98838	f	14.00563499208679	1	4	664	153871
258063	101009	90	12	1391	f	28.64788975654116	1	2	587	141358
280310	309044	20	4	73750	f	6.366197723675814	1	4	644	153524
209153	202001	80	10	207544	f	25.464790894703256	1	2	644	143437
203992	701007	41	8	51444	f	13.050705333535419	1	4	29	152981
2040265	202006	25	5	191821	f	7.957747154594767	1	4	1191	150234
230033	101001	33	6	80440	f	10.504226244065093	1	4	1191	155091
239053	2501023	24	5	62983	f	7.639437268410976	1	4	653	154324
267660	101018	55	10	180430	f	17.507043740108486	1	2	695	142475
267738	301001	70	10	129028	f	22.281692032865347	1	2	695	144140
258124	501010	20	6	47638	f	6.366197723675814	1	4	622	154991
258064	501007	25	5	1462	f	7.957747154594767	1	4	622	154476
210089	1204042	105	10	206916	f	33.42253804929802	1	3	644	157957
230072	202004	84	8	146270	f	26.73803043943842	1	3	1402	159002
208819	1202015	20	5	180551	f	6.366197723675814	1	4	622	149914
208815	1202011	120	10	71820	f	38.197186342054884	1	2	644	140180
261565	202017	40	6	187513	f	12.732395447351628	1	4	622	150117
209526	101007	70	10	127369	f	22.281692032865347	1	3	644	157508
210113	406018	227	16	134119	f	72.25634416372048	1	1	622	163891
208636	1701019	95	10	177578	f	30.239439187460114	1	3	644	158193
208567	1002010	55	10	9717	f	17.507043740108486	1	4	644	154484
208536	1004008	125	15	79408	f	39.78873577297384	1	3	644	163272
205284	202005	20	5	7798	f	6.366197723675814	1	4	622	153809
283651	1402015	80	11	73285	f	25.464790894703256	1	2	587	140278
208492	1503009	85	10	157829	f	27.05634032562221	1	3	644	159270
292245	105012	47	7	91003	f	14.960564650638162	1	4	1402	153028
229187	402012	20	5	76876	f	6.366197723675814	1	4	29	154251
208462	602006	185	15	99610	f	58.887328944001275	1	1	644	163852
205031	901021	50	5	181726	f	15.915494309189533	1	3	622	157394
294844	402006	40	5	126272	f	12.732395447351628	1	4	453	150894
278777	101001	90	8	129062	f	28.64788975654116	1	4	1549	150971
272575	103007	52	8	203003	f	16.552114081557114	1	3	695	158141
229145	101001	50	6	34499	f	15.915494309189533	1	3	29	161282
293591	101005	63	8	37258	f	20.053522829578814	1	3	1243	161303
230100	101005	25	5	82116	f	7.957747154594767	1	4	29	155287
283953	1101016	31	6	157052	f	9.867606471697512	1	4	489	151645
228778	101008	51	9	82974	f	16.233804195373324	1	3	29	163396
208251	103016	70	8	76847	f	22.281692032865347	1	3	644	163156
283714	901020	69	9	57690	f	21.963382146681557	1	3	1231	162325
278221	202004	180	20	199233	f	57.29577951308232	1	2	1362	142957
283801	901013	71	9	4322	f	22.600001919049138	1	3	1231	161365
278810	404009	40	10	106989	f	12.732395447351628	1	3	1129	163264
252920	103001	65	10	143588	f	20.690142601946395	1	3	1231	159108
296133	202016	80	10	153433	f	25.464790894703256	1	2	1231	163213
296073	101002	95	10	39577	f	30.239439187460114	1	2	1231	26942
228879	402008	45	6	115736	f	14.32394487827058	1	3	29	162703
210914	1202004	55	8	3811	f	17.507043740108486	1	3	695	161212
291714	802010	45	3	201819	f	14.32394487827058	1	4	1243	150493
285926	2602011	40	8	146858	f	12.732395447351628	1	3	695	158977
285459	1501033	45	9	76984	f	14.32394487827058	1	3	695	163166
229668	901005	75	15	23409	f	23.8732414637843	1	3	1195	162165
293755	402005	50	5	139643	f	15.915494309189533	1	4	1402	151226
234579	202002	60	5	43583	f	19.098593171027442	1	4	1243	154807
285606	202009	82	10	160169	f	26.101410667070837	1	2	181	144514
237989	1103003	63	11	147997	f	20.053522829578814	1	3	956	158942
210631	202003	30	5	23425	f	9.549296585513721	1	4	695	154126
203901	202002	135	12	169109	f	42.97183463481174	1	2	1549	143792
299709	101007	85	8	154861	f	27.05634032562221	1	3	644	111919
301187	103003	100	10	32267	f	31.830988618379067	1	3	644	161188
285982	402016	53	7	153669	f	16.870423967740905	1	3	29	159024
210777	101003	60	9	54666	f	19.098593171027442	1	3	695	161502
243514	103018	130	18	15675	f	41.38028520389279	1	2	1138	141303
203874	202014	50	10	181919	f	15.915494309189533	1	4	1231	149957
273977	1402014	45	5	154998	f	14.32394487827058	1	4	29	151585
269101	1802017	50	5	183792	f	15.915494309189533	1	4	1514	150014
243213	301030	185	20	127699	f	58.887328944001275	1	1	1138	163818
243038	103023	75	7	57244	f	23.8732414637843	1	2	102	140173
288975	1101021	35	5	28987	f	11.140846016432674	1	3	622	162399
217053	202001	30	5	182432	f	9.549296585513721	1	2	349	143034
228934	402008	61	7	106831	f	19.416903057211233	1	2	29	140747
288962	501004	90	10	9992	f	28.64788975654116	1	2	622	140717
289093	301001	20	5	155771	f	6.366197723675814	1	4	622	151607
268414	301004	60	10	168761	f	19.098593171027442	1	3	29	157676
243652	1101001	85	10	124183	f	27.05634032562221	1	2	29	143875
204634	402032	20	5	180322	f	6.366197723675814	1	4	644	149909
257394	602005	60	8	143776	f	19.098593171027442	1	3	181	159101
234208	406007	110	15	126800	f	35.01408748021697	1	2	653	144033
261542	101002	60	5	141323	f	19.098593171027442	1	3	105	159181
248759	301005	100	8	202338	f	31.830988618379067	1	2	102	143142
256557	301011	65	6	16640	f	20.690142601946395	1	3	975	161878
228627	101006	90	10	188553	f	28.64788975654116	1	2	29	141818
253430	202009	100	10	203226	f	31.830988618379067	1	2	622	143194
2037734	202005	15	5	106646	f	4.7746482927568605	1	4	240	154916
227598	402013	80	6	182300	f	25.464790894703256	1	2	102	142990
208847	2103032	90	12	89268	f	28.64788975654116	1	3	644	163659
290160	701023	75	10	151716	f	23.8732414637843	1	2	587	142362
209490	1802029	150	15	25202	f	47.7464829275686	1	2	644	109344
287597	202025	120	12	44777	f	38.197186342054884	1	2	1438	63786
203198	101007	45	6	208151	f	14.32394487827058	1	3	489	157904
2043339	2202003	25	3	122461	f	7.957747154594767	1	4	1191	150798
2034966	305003	41	4	25022	f	13.050705333535419	1	4	489	154899
234130	103001	50	5	200517	f	15.915494309189533	1	4	29	150447
258768	2101018	45	8	69913	f	14.32394487827058	1	3	369	162854
290514	101009	100	10	134433	f	31.830988618379067	1	2	1438	144462
233899	301008	70	5	21284	f	22.281692032865347	1	3	629	162079
234587	101006	40	8	115031	f	12.732395447351628	1	3	1243	162746
228067	202006	60	8	192824	f	19.098593171027442	1	3	1289	158530
2023261	101001	40	6	9038	f	12.732395447351628	1	4	1402	153793
242117	1701012	135	15	108704	f	42.97183463481174	1	2	644	140562
2035635	501009	20	4	174700	f	6.366197723675814	1	4	464	152131
251570	105002	77	12	187152	f	24.50986123615188	1	3	644	158720
203890	501003	60	6	71882	f	19.098593171027442	1	3	1549	162942
293966	501004	145	15	15540	f	46.15493349664965	1	2	1138	141296
232972	201032	40	5	16615	f	12.732395447351628	1	4	745	154355
205149	305033	29	5	162991	f	9.23098669932993	1	4	622	151816
210703	202001	105	8	139855	f	33.42253804929802	1	3	695	159254
209524	2701007	60	5	43400	f	19.098593171027442	1	4	644	154951
208311	202021	90	10	96923	f	28.64788975654116	1	2	644	139639
283082	501009	20	5	11935	f	6.366197723675814	1	4	17	152741
283462	1002001	59	8	33040	f	18.78028328484365	1	2	29	143678
262660	204008	56	8	20559	f	17.82535362629228	1	4	644	152658
214329	901008	105	12	96743	f	33.42253804929802	1	2	587	139662
205366	305001	43	7	182255	f	13.687325105903	1	3	622	159434
209634	204023	85	5	127041	f	27.05634032562221	1	2	644	144044
247054	2802028	30	5	131122	f	9.549296585513721	1	4	951	151022
209261	102001	130	15	143090	f	41.38028520389279	1	2	644	142046
2001617	101008	36	6	196579	f	11.459155902616464	1	4	29	150357
243637	901002	65	8	170748	f	20.690142601946395	1	2	29	143659
239546	101004	30	5	56595	f	9.549296585513721	1	4	29	152827
2031037	1301002	26	5	63987	f	8.276057040778557	1	4	1363	152586
291675	402004	90	10	73831	f	28.64788975654116	1	3	1195	163034
283777	1602006	41	7	181769	f	13.050705333535419	1	4	489	149947
2034903	202009	41	6	82990	f	13.050705333535419	1	4	29	153905
265657	2202009	35	7	112520	f	11.140846016432674	1	3	1191	162904
285815	2101018	65	8	153078	f	20.690142601946395	1	3	695	158988
285605	1402008	20	5	181472	f	6.366197723675814	1	4	489	149939
209046	606006	140	15	91364	f	44.563384065730695	1	2	644	139402
272191	402007	130	16	154817	f	41.38028520389279	1	2	644	142093
284189	2002017	77	11	89605	f	24.50986123615188	1	3	29	158805
293142	404014	47	7	204862	f	14.960564650638162	1	4	622	150568
209407	404026	35	5	139368	f	11.140846016432674	1	4	644	151218
208920	204001	60	8	158119	f	19.098593171027442	1	2	622	141812
298219	802001	26	8	190788	f	8.276057040778557	1	4	622	150201
209020	302002	100	10	186330	f	31.830988618379067	1	2	644	144136
208138	202002	25	5	141118	f	7.957747154594767	1	4	644	151254
281618	305044	20	4	82254	f	6.366197723675814	1	4	644	155008
228826	701007	80	7	65005	f	25.464790894703256	1	3	29	158227
272129	206032	95	12	209619	f	30.239439187460114	1	2	644	143572
203995	701010	57	10	82212	f	18.14366351247607	1	3	29	163364
292634	406003	20	5	154096	f	6.366197723675814	1	4	622	151563
208392	901012	50	10	90550	f	15.915494309189533	1	2	622	141764
286276	3002010	91	14	20483	f	28.966199642724952	1	2	587	141663
228494	202019	25	5	56042	f	7.957747154594767	1	4	29	152688
2040271	402007	25	5	142511	f	7.957747154594767	1	4	1191	151287
242960	103018	45	6	111341	f	14.32394487827058	1	4	29	153293
208429	404024	115	12	147767	f	36.60563691113593	1	2	644	142310
297743	103042	50	6	19597	f	15.915494309189533	1	3	622	161995
255708	3501007	30	5	210496	f	9.549296585513721	1	4	951	150723
291828	2301011	20	5	6113	f	6.366197723675814	1	4	1191	154509
209385	402029	100	10	23487	f	31.830988618379067	1	2	644	74043
298496	501016	55	10	118103	f	17.507043740108486	1	3	622	163067
286750	301010	65	10	91157	f	20.690142601946395	1	3	695	162494
291703	202007	75	10	206217	f	23.8732414637843	1	3	1195	157993
264481	602009	69	9	26506	f	21.963382146681557	1	3	1243	162295
284079	1701002	68	8	93565	f	21.645072260497766	1	2	587	139560
262686	202055	20	5	69854	f	6.366197723675814	1	4	69	152571
293271	402011	96	9	115597	f	30.557749073643905	1	2	1438	139770
257480	802001	170	20	159595	f	54.11268065124442	1	2	956	144568
272320	402015	145	18	12641	f	46.15493349664965	1	2	644	141080
229150	101006	50	6	202008	f	15.915494309189533	1	3	29	158179
295554	202014	50	6	48741	f	15.915494309189533	1	3	29	161888
285563	3202017	32	7	169897	f	10.185916357881302	1	3	695	157734
234618	202003	80	12	30584	f	25.464790894703256	1	2	1243	139330
209825	302035	150	18	195783	f	47.7464829275686	1	2	644	142750
283741	202019	58	9	202547	f	18.46197339865986	1	3	1231	158155
296909	204047	25	5	195486	f	7.957747154594767	1	4	644	150327
227009	202003	31	7	9628	f	9.867606471697512	1	4	702	154384
208101	501004	20	5	62344	f	6.366197723675814	1	4	644	153337
258868	301010	60	10	8194	f	19.098593171027442	1	3	369	161513
210322	202021	15	5	118970	f	4.7746482927568605	1	4	1191	154192
211046	3606008	55	10	97106	f	17.507043740108486	1	3	695	162633
208011	102006	105	10	72386	f	33.42253804929802	1	2	644	140217
207889	107100	105	10	143839	f	33.42253804929802	1	2	644	142088
229047	1202002	50	5	207906	f	15.915494309189533	1	4	29	150653
278784	602005	45	5	25609	f	14.32394487827058	1	4	1549	155218
276703	501004	110	14	144072	f	35.01408748021697	1	2	644	142108
227230	202025	170	20	136385	f	54.11268065124442	1	2	956	144558
258646	202020	80	8	37124	f	25.464790894703256	1	2	587	141601
228658	701004	75	8	171874	f	23.8732414637843	1	2	29	143568
290369	501006	35	5	181725	f	11.140846016432674	1	4	587	149946
273239	503019	81	11	117850	f	25.783100780887047	1	3	653	163184
287411	501003	85	15	161176	f	27.05634032562221	1	2	1195	144441
265456	103002	70	10	9050	f	22.281692032865347	1	2	1243	140412
288942	602003	60	5	32103	f	19.098593171027442	1	3	622	161181
257991	502004	55	8	17194	f	17.507043740108486	1	4	622	154559
2013603	103032	85	13	126341	f	27.05634032562221	1	2	644	143994
228548	301001	65	8	61559	f	20.690142601946395	1	3	29	162760
208582	1002026	120	15	24845	f	38.197186342054884	1	3	644	162228
234594	202001	55	8	157227	f	17.507043740108486	1	3	1243	159236
277148	101010	115	15	158153	f	36.60563691113593	1	2	622	141802
240426	202003	100	10	170767	f	31.830988618379067	1	3	1549	157782
275832	104016	20	5	84997	f	6.366197723675814	1	4	1514	155257
209757	101008	60	8	14312	f	19.098593171027442	1	3	644	161760
274838	501005	35	5	208162	f	11.140846016432674	1	4	1438	150656
299750	404009	125	10	150830	f	39.78873577297384	1	2	644	142432
209140	102003	75	8	179880	f	23.8732414637843	1	2	644	143750
244873	101034	110	9	201997	f	35.01408748021697	1	2	644	143118
2021214	1101005	40	5	206683	f	12.732395447351628	1	4	1243	150620
2017066	101005	40	6	135045	f	12.732395447351628	1	3	1191	159439
209683	101020	100	10	177663	f	31.830988618379067	1	2	644	143083
258296	101001	45	7	7154	f	14.32394487827058	1	3	1231	161477
209044	606003	85	10	194688	f	27.05634032562221	1	2	644	142691
202853	204005	50	7	27	f	15.915494309189533	1	3	622	161121
208041	301016	110	10	63888	f	35.01408748021697	1	2	644	140234
284019	802002	65	6	91464	f	20.690142601946395	1	3	975	162506
281001	802002	35	5	177618	f	11.140846016432674	1	4	644	152202
256443	402009	130	14	42759	f	41.38028520389279	1	2	644	126491
247028	4101008	45	5	29444	f	14.32394487827058	1	4	951	154740
347699	202013	25	5	116826	f	7.957747154594767	1	4	1231	153698
242761	202017	120	12	168109	f	38.197186342054884	1	2	644	143870
285381	1501010	27	6	175607	f	8.594366926962348	1	4	695	152148
284232	1101018	55	8	57402	f	17.507043740108486	1	3	1231	162467
209694	101031	70	8	6654	f	22.281692032865347	1	2	644	139646
243800	301040	134	13	23366	f	42.65352474862795	1	2	644	72697
229095	202008	54	7	202705	f	17.188733853924695	1	3	29	158150
278680	802012	70	7	799	f	22.281692032865347	1	3	622	161614
232490	602008	30	6	150179	f	9.549296585513721	1	4	1243	151468
2018106	802009	20	5	7826	f	6.366197723675814	1	4	1203	154873
284021	1501001	137	15	40615	f	43.60845440717932	1	2	587	139237
2008152	202001	60	8	176725	f	19.098593171027442	1	3	29	158151
272055	103005	45	6	209376	f	14.32394487827058	1	3	622	157861
287549	301027	65	8	201121	f	20.690142601946395	1	3	695	158231
265712	301007	50	8	208243	f	15.915494309189533	1	4	1191	150660
289057	501001	35	5	116611	f	11.140846016432674	1	4	622	153276
274908	501007	20	5	117222	f	6.366197723675814	1	4	1438	153456
252129	1901009	20	5	80717	f	6.366197723675814	1	4	1514	155158
285888	402006	62	8	43827	f	19.735212943395023	1	2	29	98898
229690	902009	65	10	131769	f	20.690142601946395	1	3	1195	157340
208628	1701011	115	12	64960	f	36.60563691113593	1	3	644	158419
208733	1903005	45	6	58937	f	14.32394487827058	1	4	622	153309
300766	303004	50	5	100621	f	15.915494309189533	1	3	29	163651
284303	303003	115	11	847	f	36.60563691113593	1	2	1438	140988
242826	202007	85	6	205092	f	27.05634032562221	1	3	102	158052
2001903	1903023	82	10	23002	f	26.101410667070837	1	3	1514	162140
209541	103003	166	10	147548	f	52.839441106509256	1	2	644	142300
210684	101005	110	10	117734	f	35.01408748021697	1	2	695	140691
2034909	202015	36	7	68081	f	11.459155902616464	1	4	29	154513
209188	401006	115	12	192524	f	36.60563691113593	1	2	644	142559
2035628	501001	20	4	176094	f	6.366197723675814	1	4	464	152167
292118	206006	117	11	110510	f	37.24225668350351	1	1	622	163745
228890	101008	55	6	150588	f	17.507043740108486	1	3	29	158843
255244	202023	60	10	5922	f	19.098593171027442	1	2	29	139411
255098	2202007	50	8	98882	f	15.915494309189533	1	2	695	139418
282975	301003	20	5	120141	f	6.366197723675814	1	4	622	152254
229638	1202013	70	10	95288	f	22.281692032865347	1	4	1195	155378
2022675	202004	25	5	145704	f	7.957747154594767	1	3	935	159025
250887	1701008	30	6	197599	f	9.549296585513721	1	3	1191	158360
263164	101001	81	11	160268	f	25.783100780887047	1	2	780	144504
282452	202008	53	8	157185	f	16.870423967740905	1	3	29	159234
282493	202006	50	7	49713	f	15.915494309189533	1	3	29	161809
292901	202007	125	8	65076	f	39.78873577297384	1	2	622	139346
276307	101014	50	7	55610	f	15.915494309189533	1	2	587	139574
2027154	402002	32	6	175959	f	10.185916357881302	1	4	1421	152155
347827	804005	40	6	186255	f	12.732395447351628	1	4	695	150077
2001819	1103004	75	8	70161	f	23.8732414637843	1	3	1098	162864
229647	602002	35	6	36128	f	11.140846016432674	1	4	1195	154615
240502	101003	50	5	147987	f	15.915494309189533	1	4	622	151424
205112	305020	41	6	26851	f	13.050705333535419	1	4	622	152851
248837	202023	60	7	12891	f	19.098593171027442	1	3	17	161698
229715	402004	48	7	180006	f	15.278874536821952	1	3	1195	157962
228503	202007	65	6	124413	f	20.690142601946395	1	2	29	143891
2027139	402003	33	7	32724	f	10.504226244065093	1	4	1421	154800
228591	101020	55	5	146443	f	17.507043740108486	1	4	29	151390
209615	303010	100	10	18282	f	31.830988618379067	1	2	644	141502
228540	602004	60	8	131897	f	19.098593171027442	1	3	29	157330
2021739	103001	53	7	72252	f	16.870423967740905	1	4	1478	153163
240064	701003	85	6	193696	f	27.05634032562221	1	4	1549	150290
264557	501009	90	9	23184	f	28.64788975654116	1	3	1243	125209
249202	2101020	20	4	185358	f	6.366197723675814	1	4	1514	150053
209699	101036	40	7	85213	f	12.732395447351628	1	3	622	163504
283191	101011	155	15	147860	f	49.33803235848755	1	2	1438	142315
210140	102003	15	5	85581	f	4.7746482927568605	1	4	1191	155468
301647	501002	60	8	70519	f	19.098593171027442	1	4	241	152756
269080	202031	45	5	165488	f	14.32394487827058	1	4	29	151891
208039	301014	90	10	14482	f	28.64788975654116	1	3	644	161768
209776	102011	75	8	9405	f	23.8732414637843	1	2	644	140537
286806	101010	40	7	10987	f	12.732395447351628	1	3	1231	161626
228725	402004	73	9	158013	f	23.23662169141672	1	3	29	159283
287634	1701005	80	8	7838	f	25.464790894703256	1	3	1243	161500
208675	1701044	55	5	39191	f	17.507043740108486	1	4	622	155045
205363	802016	70	5	74715	f	22.281692032865347	1	2	622	140396
208503	1503020	30	5	52832	f	9.549296585513721	1	4	644	155364
233844	101004	80	10	147513	f	25.464790894703256	1	2	629	142294
262789	1802012	225	20	51131	f	71.6197243913529	1	2	956	141111
247922	202016	58	10	30698	f	18.46197339865986	1	3	644	162472
208606	1703019	35	5	155978	f	11.140846016432674	1	4	622	151612
204858	202011	55	7	173402	f	17.507043740108486	1	3	622	157938
277183	501006	50	6	115975	f	15.915494309189533	1	4	622	155399
208936	101005	135	12	25411	f	42.97183463481174	1	2	644	113300
283906	3101025	39	7	154000	f	12.414085561167836	1	4	489	151558
208000	101015	55	6	83005	f	17.507043740108486	1	3	644	163397
208547	1004021	50	5	180987	f	15.915494309189533	1	4	644	149928
229109	1201001	50	7	120615	f	15.915494309189533	1	2	29	142926
272003	406011	95	10	125367	f	30.239439187460114	1	2	644	143946
281254	202008	125	12	32253	f	39.78873577297384	1	2	644	140090
278803	802022	35	5	10783	f	11.140846016432674	1	4	622	155492
2024975	103005	20	5	100958	f	6.366197723675814	1	4	644	155477
289047	1301007	50	5	102268	f	15.915494309189533	1	3	622	163560
229270	402023	75	10	209549	f	23.8732414637843	1	2	29	143566
227034	101002	45	5	74478	f	14.32394487827058	1	4	702	153715
2023361	402002	25	5	1283	f	7.957747154594767	1	4	1191	154093
288847	202020	135	10	112784	f	42.97183463481174	1	2	622	140079
290176	802022	85	10	159195	f	27.05634032562221	1	2	587	141707
207953	102026	45	6	110776	f	14.32394487827058	1	4	644	153488
260594	2002014	30	6	100301	f	9.549296585513721	1	4	248	149849
210970	301005	70	10	208136	f	22.281692032865347	1	4	695	150655
242729	202033	110	10	86676	f	35.01408748021697	1	2	644	141429
209639	402007	75	8	8872	f	23.8732414637843	1	2	644	140347
227106	202018	20	5	139072	f	6.366197723675814	1	4	1129	151212
2040376	301003	25	5	61018	f	7.957747154594767	1	4	1500	155312
286420	301002	60	11	19800	f	19.098593171027442	1	2	29	141608
295875	109004	90	6	144212	f	28.64788975654116	1	2	622	142112
228527	1301002	55	5	181489	f	17.507043740108486	1	2	29	142764
289331	602011	65	5	46212	f	20.690142601946395	1	3	587	162047
278686	301007	105	10	159553	f	33.42253804929802	1	2	644	144572
208969	203002	145	7	39546	f	46.15493349664965	1	3	622	161149
297358	101031	44	7	143778	f	14.00563499208679	1	4	622	151319
209969	804039	70	8	58479	f	22.281692032865347	1	3	644	161948
2028748	503010	25	3	26866	f	7.957747154594767	1	4	1297	152863
243931	301038	129	11	162723	f	41.061975317709	1	2	644	144325
290757	503001	85	10	167117	f	27.05634032562221	1	3	1402	157586
207898	102075	45	7	115199	f	14.32394487827058	1	4	644	152867
280943	303024	30	5	4975	f	9.549296585513721	1	4	644	153536
284633	202005	84	14	3633	f	26.73803043943842	1	4	695	152866
208424	404019	40	6	184224	f	12.732395447351628	1	4	644	150024
229703	202006	66	10	144000	f	21.008452488130185	1	3	1195	159093
250769	1901002	35	7	187277	f	11.140846016432674	1	3	1191	158712
227160	201008	20	5	169306	f	6.366197723675814	1	4	1129	151971
272024	206001	85	10	115108	f	27.05634032562221	1	2	644	139820
269255	101006	85	12	44894	f	27.05634032562221	1	2	29	58784
285676	202006	26	5	47189	f	8.276057040778557	1	4	702	155260
209187	401005	95	10	98768	f	30.239439187460114	1	2	644	139433
249179	301006	85	5	46616	f	27.05634032562221	1	2	102	141622
2021213	1101004	50	5	164580	f	15.915494309189533	1	4	1243	151865
2017270	101002	45	5	37924	f	14.32394487827058	1	3	1478	161251
274760	202022	120	12	111837	f	38.197186342054884	1	2	1438	140198
229161	1101004	70	7	49148	f	22.281692032865347	1	2	29	141338
265432	802001	30	6	19339	f	9.549296585513721	1	4	1243	155319
264372	1202005	62	6	6919	f	19.735212943395023	1	3	1243	161468
210651	101003	60	10	17983	f	19.098593171027442	1	3	695	124232
258414	202031	50	7	172681	f	15.915494309189533	1	2	29	143488
234652	602007	65	8	204940	f	20.690142601946395	1	3	1243	158057
214504	604004	60	8	91815	f	19.098593171027442	1	3	241	162524
296608	204012	55	6	161868	f	17.507043740108486	1	4	622	151782
227615	1202008	65	5	121046	f	20.690142601946395	1	3	102	158344
295752	103016	105	8	74462	f	33.42253804929802	1	2	622	140379
277133	101007	75	8	102379	f	23.8732414637843	1	2	622	141623
208900	206002	135	12	64305	f	42.97183463481174	1	2	644	69843
2001886	1901013	81	10	47277	f	25.783100780887047	1	3	1514	161965
253426	804004	115	12	130537	f	36.60563691113593	1	2	622	144247
2035842	202002	20	5	206234	f	6.366197723675814	1	4	459	150608
286049	402011	41	8	135442	f	13.050705333535419	1	3	29	159414
234693	101004	80	10	179819	f	25.464790894703256	1	3	1243	157733
273252	602007	34	5	120244	f	10.822536130248883	1	4	653	152256
299205	101007	115	15	191696	f	36.60563691113593	1	2	1195	142521
2023249	101004	40	6	128050	f	12.732395447351628	1	3	1402	157487
295606	109001	80	6	13073	f	25.464790894703256	1	3	622	161706
227171	301010	60	10	185038	f	19.098593171027442	1	4	1129	150041
264639	602030	38	6	42297	f	12.095775674984045	1	4	1243	152920
258294	103010	30	5	198157	f	9.549296585513721	1	4	422	150395
205428	602002	50	6	209194	f	15.915494309189533	1	4	622	150692
250682	1701016	40	8	66671	f	12.732395447351628	1	3	369	162723
292553	303001	60	8	106597	f	19.098593171027442	1	3	956	163288
284119	2501010	25	6	47834	f	7.957747154594767	1	4	489	154868
278266	303006	90	10	162813	f	28.64788975654116	1	3	644	157341
210060	1204013	85	8	157492	f	27.05634032562221	1	3	644	159248
229054	2501007	55	5	32214	f	17.507043740108486	1	4	29	152552
267684	202008	25	5	147988	f	7.957747154594767	1	4	695	151425
210965	2101009	52	9	23207	f	16.552114081557114	1	3	695	162154
267329	202006	60	10	112648	f	19.098593171027442	1	3	956	162894
294951	202014	115	15	104603	f	36.60563691113593	1	2	622	140403
299784	301003	67	9	100580	f	21.326762374313976	1	2	1243	141166
228793	1602007	20	3	65482	f	6.366197723675814	1	4	804	152710
2001612	101003	34	6	81918	f	10.822536130248883	1	4	29	155445
207863	401008	95	12	175581	f	30.239439187460114	1	2	644	143252
208949	201010	140	10	133650	f	44.563384065730695	1	3	644	159496
293874	802006	55	8	174486	f	17.507043740108486	1	2	587	143331
229674	901011	35	6	13690	f	11.140846016432674	1	4	1195	153360
207908	101071	25	6	164436	f	7.957747154594767	1	4	644	151858
204507	802007	70	8	150103	f	22.281692032865347	1	3	181	158841
208707	1004037	125	15	203654	f	39.78873577297384	1	3	644	158105
232976	202039	25	5	130929	f	7.957747154594767	1	4	745	151017
207927	101057	90	10	41312	f	28.64788975654116	1	2	644	139153
284556	503012	67	10	44956	f	21.326762374313976	1	3	695	162122
244043	404026	123	12	23755	f	39.152116000606256	1	2	644	81371
284567	1501004	65	10	84592	f	20.690142601946395	1	3	29	163468
210115	101002	95	10	157349	f	30.239439187460114	1	2	622	141864
135728	202001	67	10	126552	f	21.326762374313976	1	3	695	157535
285146	202023	97	11	7017	f	30.876058959827695	1	2	181	139763
282752	402006	46	6	24525	f	14.642254764454371	1	3	622	162211
258699	1301008	25	6	44439	f	7.957747154594767	1	4	17	154143
302478	608002	20	5	181580	f	6.366197723675814	1	4	745	149942
298033	101020	20	5	130409	f	6.366197723675814	1	4	1243	151003
229198	101008	60	8	115758	f	19.098593171027442	1	3	29	162701
214336	901015	40	7	50373	f	12.732395447351628	1	2	587	141209
284789	2602012	66	9	171243	f	21.008452488130185	1	3	29	157817
347393	503005	45	5	103348	f	14.32394487827058	1	3	622	163489
292847	202006	110	8	122980	f	35.01408748021697	1	2	622	143801
2031482	201002	20	1	155396	f	6.366197723675814	1	4	63	151596
292829	202021	69	8	143256	f	21.963382146681557	1	3	622	159116
228684	202002	57	8	43464	f	18.14366351247607	1	3	29	162237
269539	4802025	30	5	132165	f	9.549296585513721	1	4	1231	151048
292824	204010	144	11	84979	f	45.83662361046586	1	1	622	163763
217035	101002	67	5	29518	f	21.326762374313976	1	3	349	162419
227043	402006	40	8	171295	f	12.732395447351628	1	3	702	157820
258170	204035	45	7	211322	f	14.32394487827058	1	3	622	157775
289387	202008	80	10	121406	f	25.464790894703256	1	2	653	142856
2028672	103006	30	5	92067	f	9.549296585513721	1	4	295	154194
229631	1202006	115	12	58776	f	36.60563691113593	1	2	1195	140154
285192	202003	88	13	120655	f	28.01126998417358	1	2	29	142922
282352	202002	50	7	164767	f	15.915494309189533	1	3	29	157456
2007656	202006	40	6	46222	f	12.732395447351628	1	4	29	152721
207844	401031	90	15	9233	f	28.64788975654116	1	2	644	140472
229140	501008	60	9	142913	f	19.098593171027442	1	3	29	159128
209944	804013	120	18	163817	f	38.197186342054884	1	2	644	144227
214358	301014	25	6	119385	f	7.957747154594767	1	4	17	153444
227036	201002	48	8	38370	f	15.278874536821952	1	4	702	152596
299056	101022	70	8	102294	f	22.281692032865347	1	2	695	141572
301843	1303003	20	5	55043	f	6.366197723675814	1	4	381	154608
227817	1002001	20	5	121669	f	6.366197723675814	1	4	29	152291
298464	202018	80	10	123437	f	25.464790894703256	1	2	1231	143834
209937	804006	50	8	9899	f	15.915494309189533	1	4	644	154658
288468	202007	85	10	15233	f	27.05634032562221	1	2	105	141273
2040261	202002	25	5	90035	f	7.957747154594767	1	4	1191	149883
299681	402006	90	10	112919	f	28.64788975654116	1	2	644	140061
209592	103013	65	10	158443	f	20.690142601946395	1	2	644	141776
2021154	602003	37	5	103163	f	11.777465788800255	1	4	695	154188
264411	1101016	73	8	154371	f	23.23662169141672	1	3	1243	159066
278515	602001	55	5	209824	f	17.507043740108486	1	3	622	157842
228874	402003	50	6	200878	f	15.915494309189533	1	3	29	158235
293842	802020	25	5	41590	f	7.957747154594767	1	4	17	153826
205294	404010	70	9	187020	f	22.281692032865347	1	3	622	158725
283704	402007	86	10	149911	f	27.374650211806	1	2	587	142445
227446	2501001	105	10	163302	f	33.42253804929802	1	3	1138	157371
214377	1701008	45	6	170570	f	14.32394487827058	1	4	17	152001
283130	202010	135	10	11882	f	42.97183463481174	1	2	1402	141020
244814	101002	120	12	203380	f	38.197186342054884	1	2	514	143202
234667	802002	100	10	114789	f	31.830988618379067	1	2	1243	139858
2022684	103002	60	5	99088	f	19.098593171027442	1	2	29	139400
258508	204030	85	8	143194	f	27.05634032562221	1	2	644	142057
270677	101010	140	20	69571	f	44.563384065730695	1	2	1138	140005
284199	802012	44	7	163252	f	14.00563499208679	1	4	29	151825
280842	501004	22	5	106525	f	7.002817496043395	1	4	644	154960
209778	102013	95	10	158796	f	30.239439187460114	1	2	644	141739
286164	202027	100	14	17754	f	31.830988618379067	1	2	181	141452
248385	802022	102	10	19869	f	32.46760839074665	1	2	1243	141612
2001889	1901009	77	9	6266	f	24.50986123615188	1	4	1514	155214
227553	103010	25	5	170921	f	7.957747154594767	1	4	1363	152010
210097	1204050	50	5	47472	f	15.915494309189533	1	4	622	155107
228820	202002	60	10	15588	f	19.098593171027442	1	3	29	161824
299442	101001	50	5	98124	f	15.915494309189533	1	3	102	162567
282707	202012	50	5	22963	f	15.915494309189533	1	3	29	162138
276589	101005	56	9	17524	f	17.82535362629228	1	2	587	141430
207431	202003	35	4	77564	f	11.140846016432674	1	4	644	154419
294131	1301004	20	5	35335	f	6.366197723675814	1	4	1191	152875
295605	2202003	40	6	44011	f	12.732395447351628	1	4	1243	92186
267492	301012	45	5	130975	f	14.32394487827058	1	4	1402	151018
207778	301026	65	12	170084	f	20.690142601946395	1	3	644	157742
204968	901019	30	5	40184	f	9.549296585513721	1	4	622	155381
227165	301004	150	18	193026	f	47.7464829275686	1	2	1129	142588
208834	1202030	40	5	83094	f	12.732395447351628	1	4	622	153706
2034021	202009	36	5	42005	f	11.459155902616464	1	4	1358	153236
228853	1202036	75	10	121275	f	23.8732414637843	1	3	29	158354
230019	303003	95	10	15707	f	30.239439187460114	1	2	1402	141306
265159	101032	75	10	192457	f	23.8732414637843	1	2	1243	31307
205062	102011	55	6	191497	f	17.507043740108486	1	4	622	150218
227580	2806012	40	5	59386	f	12.732395447351628	1	4	102	153815
296795	407012	35	5	42124	f	11.140846016432674	1	4	644	153100
228563	101020	50	6	211296	f	15.915494309189533	1	3	29	157783
214342	2101003	39	6	107466	f	12.414085561167836	1	4	29	154664
248945	101020	55	6	118753	f	17.507043740108486	1	4	17	153932
254920	101036	45	7	169646	f	14.32394487827058	1	2	29	143769
284168	602001	62	8	180636	f	19.735212943395023	1	3	1231	157789
204165	402010	45	6	3974	f	14.32394487827058	1	4	1445	153573
257289	602009	95	10	85521	f	30.239439187460114	1	2	181	138997
280598	501006	34	6	85617	f	10.822536130248883	1	4	644	155353
233763	101002	22	4	105631	f	7.002817496043395	1	4	102	155326
280181	402010	48	6	184709	f	15.278874536821952	1	4	622	150033
203893	701003	30	4	141721	f	9.549296585513721	1	4	29	151270
257633	602021	40	6	161495	f	12.732395447351628	1	3	181	157273
301244	1004014	50	10	98407	f	15.915494309189533	1	4	29	154491
243796	301091	102	10	165584	f	32.46760839074665	1	2	644	144067
229167	101003	50	5	12978	f	15.915494309189533	1	4	29	153097
204637	402035	55	5	2293	f	17.507043740108486	1	3	622	162118
281592	713002	55	5	97479	f	17.507043740108486	1	3	622	162608
208777	2103020	50	6	182058	f	15.915494309189533	1	4	644	149963
253296	604002	80	12	19820	f	25.464790894703256	1	2	653	141609
267846	101004	65	10	19964	f	20.690142601946395	1	3	1325	162011
286009	202004	86	14	72440	f	27.374650211806	1	3	695	162970
282147	202023	91	10	31094	f	28.966199642724952	1	2	644	141568
284128	1701007	38	6	129602	f	12.095775674984045	1	4	489	150983
227017	602031	40	5	99343	f	12.732395447351628	1	4	702	153018
297209	101028	50	7	139922	f	15.915494309189533	1	4	622	151234
228558	202008	60	12	163432	f	19.098593171027442	1	3	29	157379
299430	1101018	55	6	108900	f	17.507043740108486	1	4	644	154158
290050	602005	40	5	17905	f	12.732395447351628	1	3	17	161924
255173	202005	50	7	197196	f	15.915494309189533	1	2	29	142834
2026872	101003	25	5	1303	f	7.957747154594767	1	4	29	154122
243808	404035	110	11	121563	f	35.01408748021697	1	2	644	142843
222377	802006	33	6	136806	f	10.504226244065093	1	4	702	151155
204783	901015	15	3	149375	f	4.7746482927568605	1	4	644	151450
2030922	103008	30	5	156174	f	9.549296585513721	1	4	1514	151620
227242	202012	66	10	53887	f	21.008452488130185	1	4	956	153761
230173	1806002	110	15	168898	f	35.01408748021697	1	2	1438	143806
205292	204006	80	10	178358	f	25.464790894703256	1	2	622	143033
240929	2002003	80	7	124595	f	25.464790894703256	1	4	29	150858
236716	602004	140	10	93163	f	44.563384065730695	1	2	50	139535
253035	107008	30	6	124445	f	9.549296585513721	1	4	622	150854
270518	101002	60	8	78107	f	19.098593171027442	1	3	1325	163214
237219	103009	55	6	119295	f	17.507043740108486	1	4	622	154281
272105	103009	80	10	35997	f	25.464790894703256	1	2	644	85617
2034030	202018	38	4	206207	f	12.095775674984045	1	4	1358	150606
257472	101003	110	10	121932	f	35.01408748021697	1	2	644	142810
248126	301009	101	9	4444	f	32.14929850456286	1	2	1243	114833
207043	101004	30	5	35118	f	9.549296585513721	1	4	644	155534
283812	1802020	76	10	18599	f	24.19155134996809	1	2	587	141518
272299	101005	70	8	48860	f	22.281692032865347	1	3	644	161873
238222	2303002	30	5	91432	f	9.549296585513721	1	4	639	153527
2024958	101010	30	5	15818	f	9.549296585513721	1	4	1478	154099
255791	402023	95	8	199544	f	30.239439187460114	1	3	181	158287
214462	202045	60	7	20585	f	19.098593171027442	1	3	587	162041
272650	103016	60	8	133410	f	19.098593171027442	1	4	695	151074
292162	101022	111	9	29882	f	35.33239736640076	1	2	1402	139261
265545	101001	60	8	118251	f	19.098593171027442	1	3	1191	163006
204639	701008	85	10	59109	f	27.05634032562221	1	2	622	141017
270513	101002	50	5	44935	f	15.915494309189533	1	3	1325	162123
295208	602002	115	10	147692	f	36.60563691113593	1	2	622	29457
273019	802004	71	7	208619	f	22.600001919049138	1	3	975	157883
232890	202067	35	5	164209	f	11.140846016432674	1	4	745	151849
283966	701013	64	9	172332	f	20.371832715762604	1	2	29	143515
253441	2701009	50	8	78217	f	15.915494309189533	1	4	644	154568
285006	901020	55	6	208077	f	17.507043740108486	1	2	29	143475
236229	101001	80	8	14038	f	25.464790894703256	1	2	193	141177
208571	1002015	120	15	86882	f	38.197186342054884	1	2	644	141309
206105	103001	140	12	186658	f	44.563384065730695	1	2	644	144242
282945	101002	75	8	82895	f	23.8732414637843	1	3	29	163392
210735	202003	55	15	160692	f	17.507043740108486	1	2	695	144476
210009	802038	75	8	183669	f	23.8732414637843	1	3	644	158933
217028	102004	55	5	16763	f	17.507043740108486	1	3	349	161885
289388	301003	50	10	127759	f	15.915494309189533	1	4	702	150931
208274	503008	55	6	85552	f	17.507043740108486	1	3	644	163521
238821	101032	40	5	27615	f	12.732395447351628	1	3	29	162339
278175	602002	105	12	67699	f	33.42253804929802	1	2	644	139877
279090	103020	90	10	149901	f	28.64788975654116	1	3	644	158852
271988	206020	80	10	141923	f	25.464790894703256	1	2	644	141971
255830	1503009	30	5	194762	f	9.549296585513721	1	4	1549	150311
287772	701004	20	5	190737	f	6.366197723675814	1	4	17	150197
229698	202001	96	13	192447	f	30.557749073643905	1	4	1195	150254
243745	404031	122	11	106394	f	38.833806114422465	1	2	644	140795
2011846	402007	35	10	3170	f	11.140846016432674	1	3	295	162370
258179	202015	55	8	90914	f	17.507043740108486	1	2	29	139366
2002174	1501012	40	5	25322	f	12.732395447351628	1	4	200	155074
236615	402001	50	8	164290	f	15.915494309189533	1	3	1478	157432
292288	204002	110	7	18223	f	35.01408748021697	1	3	622	161935
250415	101013	80	15	138874	f	25.464790894703256	1	3	1362	159289
256584	3602008	135	15	51523	f	42.97183463481174	1	2	644	141069
264632	501011	54	6	69193	f	17.188733853924695	1	3	1243	162824
265580	2402006	70	10	35860	f	22.281692032865347	1	2	1243	70059
204953	301004	41	6	109890	f	13.050705333535419	1	4	622	153801
243823	301006	112	8	127841	f	35.65070725258456	1	2	644	144086
205423	202012	50	5	91161	f	15.915494309189533	1	3	622	162495
301910	703004	65	10	57540	f	20.690142601946395	1	3	622	162397
209077	403013	65	8	83020	f	20.690142601946395	1	2	644	140431
292283	602002	39	7	148848	f	12.414085561167836	1	4	1438	151439
253432	501007	130	15	36955	f	41.38028520389279	1	2	622	141684
2002205	309022	54	6	176550	f	17.188733853924695	1	3	622	158139
2027161	101002	51	7	113180	f	16.233804195373324	1	4	695	152599
208918	101002	130	10	186862	f	41.38028520389279	1	2	644	144295
208735	1903007	185	12	115664	f	58.887328944001275	1	2	644	139764
208254	103019	50	8	6790	f	15.915494309189533	1	4	644	155530
255010	1002003	110	10	54372	f	35.01408748021697	1	2	198	140165
229714	101002	50	10	133144	f	15.915494309189533	1	4	1195	151067
227234	202024	114	17	29993	f	36.28732702495214	1	2	1129	139274
280099	402016	117	11	145709	f	37.24225668350351	1	2	644	142186
272008	103002	120	12	189518	f	38.197186342054884	1	2	644	142092
263466	101004	85	12	46105	f	27.05634032562221	1	2	1325	5978
209224	402017	75	10	15893	f	23.8732414637843	1	2	644	141320
208292	202002	135	20	23990	f	42.97183463481174	1	2	644	87115
290490	602010	70	5	137593	f	22.281692032865347	1	3	587	159329
228842	1202025	55	10	156311	f	17.507043740108486	1	3	29	159175
277178	202001	115	9	142131	f	36.60563691113593	1	2	622	141984
228645	204003	90	10	93569	f	28.64788975654116	1	2	29	139562
208852	2103037	40	5	19617	f	12.732395447351628	1	4	622	155412
278688	402008	100	10	113806	f	31.830988618379067	1	2	622	139965
283740	202044	28	5	168828	f	8.91267681314614	1	4	29	151948
243645	202030	165	20	97203	f	52.521131220325465	1	2	1138	139613
209500	1802038	40	5	21622	f	12.732395447351628	1	4	644	153211
258782	1301007	35	7	42254	f	11.140846016432674	1	4	369	152962
259148	1404002	100	10	114699	f	31.830988618379067	1	2	1543	139869
239544	101001	45	5	35727	f	14.32394487827058	1	3	29	161343
228613	2101002	103	11	207093	f	32.78591827693044	1	2	587	143411
299241	101029	65	8	111398	f	20.690142601946395	1	2	695	140237
209988	802016	70	8	211099	f	22.281692032865347	1	3	644	157795
2031948	102004	20	2	40263	f	6.366197723675814	1	4	1503	155275
2011960	202001	60	7	169777	f	19.098593171027442	1	2	789	143756
238726	3703020	25	5	60182	f	7.957747154594767	1	4	951	152824
272586	402008	20	5	58388	f	6.366197723675814	1	4	1191	155537
228320	808003	80	5	173200	f	25.464790894703256	1	4	804	152081
290330	301015	30	5	50812	f	9.549296585513721	1	4	17	153346
239303	501037	42	7	67851	f	13.36901521971921	1	4	745	153458
301657	101010	20	3	34117	f	6.366197723675814	1	4	873	154077
273348	501002	85	11	126580	f	27.05634032562221	1	2	653	144016
248045	103001	88	10	132056	f	28.01126998417358	1	3	644	157325
249716	1002022	85	12	129065	f	27.05634032562221	1	2	198	144143
206101	101031	100	10	61515	f	31.830988618379067	1	2	644	139855
265594	2101005	60	10	170983	f	19.098593171027442	1	2	1243	143639
230263	301003	78	10	110486	f	24.82817112233567	1	4	1438	153587
261510	104008	115	15	57554	f	36.60563691113593	1	2	677	139179
243516	202021	130	18	4772	f	41.38028520389279	1	2	1138	139023
228103	202005	30	5	119405	f	9.549296585513721	1	4	1289	155295
214061	501012	20	5	126639	f	6.366197723675814	1	4	1191	150900
236024	202007	25	5	99798	f	7.957747154594767	1	4	1514	149890
284049	2501002	73	10	58605	f	23.23662169141672	1	2	1231	141415
293964	701010	140	20	162066	f	44.563384065730695	1	2	1362	144372
282622	1202008	60	8	88626	f	19.098593171027442	1	2	29	141231
2028893	1101005	37	5	189767	f	11.777465788800255	1	4	489	150172
256484	501002	105	15	54629	f	33.42253804929802	1	2	622	140039
2007680	402004	70	10	12854	f	22.281692032865347	1	3	956	161695
279773	303003	46	5	26057	f	14.642254764454371	1	4	622	155455
262999	1402004	112	12	76069	f	35.65070725258456	1	2	1243	140507
208040	301015	80	10	131050	f	25.464790894703256	1	2	644	144285
253535	3602013	135	15	196942	f	42.97183463481174	1	2	644	142820
253530	101004	130	15	155758	f	41.38028520389279	1	2	622	141995
236714	602002	65	5	3906	f	20.690142601946395	1	4	789	152963
281992	305021	51	7	133073	f	16.233804195373324	1	3	622	157287
287637	1701001	95	10	72865	f	30.239439187460114	1	2	1243	140253
208978	201003	90	10	110449	f	28.64788975654116	1	2	644	140336
207993	102009	50	6	117717	f	15.915494309189533	1	4	644	154698
245901	101009	55	6	70255	f	17.507043740108486	1	4	653	152686
284834	202008	64	5	202791	f	20.371832715762604	1	3	975	158148
296787	204072	32	5	38570	f	10.185916357881302	1	4	622	154928
232530	101001	30	6	64584	f	9.549296585513721	1	4	1191	154170
289116	1101005	60	10	59714	f	19.098593171027442	1	3	622	161439
281532	402004	64	7	90354	f	20.371832715762604	1	2	644	144111
255933	602020	60	5	179735	f	19.098593171027442	1	4	181	80397
284231	1101013	45	8	49185	f	14.32394487827058	1	3	29	161849
286293	307012	8	6	149881	f	2.5464790894703255	1	4	622	151460
277735	1501004	20	5	50676	f	6.366197723675814	1	4	653	153432
265836	1901008	35	7	171837	f	11.140846016432674	1	3	1191	157849
217024	901001	35	5	135242	f	11.140846016432674	1	3	349	159427
238659	302005	25	5	164957	f	7.957747154594767	1	4	1402	151872
300425	402048	110	12	149396	f	35.01408748021697	1	2	644	142420
234131	103002	40	5	56944	f	12.732395447351628	1	4	29	153537
209783	102018	185	18	99851	f	58.887328944001275	1	1	644	163858
258184	101021	40	6	70129	f	12.732395447351628	1	2	29	140043
210810	202005	40	5	4193	f	12.732395447351628	1	4	695	152984
300768	703016	55	6	185282	f	17.507043740108486	1	3	241	158793
260881	103002	70	10	172099	f	22.281692032865347	1	2	1549	143541
261827	202024	55	8	77363	f	17.507043740108486	1	3	622	163181
276443	101003	45	5	205815	f	14.32394487827058	1	3	644	158016
278811	101011	50	5	153001	f	15.915494309189533	1	4	29	151529
281085	406002	29	3	51878	f	9.23098669932993	1	4	622	152768
282568	1402012	70	8	186635	f	22.281692032865347	1	2	29	144237
295689	105006	20	4	35538	f	6.366197723675814	1	4	622	153310
287147	501001	125	10	164304	f	39.78873577297384	1	2	1559	144180
228643	204005	95	10	8431	f	30.239439187460114	1	2	29	140208
265386	2602002	60	10	17510	f	19.098593171027442	1	2	1243	141428
243869	604022	125	10	29155	f	39.78873577297384	1	2	644	139203
269197	2402020	35	5	171645	f	11.140846016432674	1	4	1514	152037
229185	402010	25	5	59769	f	7.957747154594767	1	4	29	155563
228662	1002002	60	6	93851	f	19.098593171027442	1	2	29	139584
209085	401005	95	10	174292	f	30.239439187460114	1	2	644	143340
214228	802003	75	7	103889	f	23.8732414637843	1	3	1445	163446
256683	204007	185	25	22744	f	58.887328944001275	1	2	956	58930
234607	202014	95	15	185999	f	30.239439187460114	1	2	1243	144063
267078	101015	130	12	44291	f	41.38028520389279	1	2	644	80101
283950	701002	46	7	210658	f	14.642254764454371	1	3	29	157810
272123	1002005	175	15	24996	f	55.70423008216337	1	2	644	105408
208963	206024	75	10	33964	f	23.8732414637843	1	2	644	141261
229135	301007	35	6	33553	f	11.140846016432674	1	4	29	153261
2042945	301005	20	5	59666	f	6.366197723675814	1	4	295	155505
277445	202001	55	6	169011	f	17.507043740108486	1	4	622	151953
299730	402011	110	12	38148	f	35.01408748021697	1	2	644	141085
271126	1204003	135	14	179749	f	42.97183463481174	1	2	644	143742
242809	202011	65	6	157042	f	20.690142601946395	1	4	102	151644
210488	101007	20	5	112151	f	6.366197723675814	1	4	639	152986
228836	202004	70	10	123265	f	22.281692032865347	1	3	29	105446
262710	402001	72	12	108096	f	22.91831180523293	1	2	1559	140633
249762	101008	50	8	55218	f	15.915494309189533	1	3	622	161474
209480	1901003	40	6	106526	f	12.732395447351628	1	4	622	154959
227689	101016	52	5	102329	f	16.552114081557114	1	4	1297	155369
208575	1002019	60	10	164286	f	19.098593171027442	1	4	644	151851
208483	604016	85	8	183878	f	27.05634032562221	1	3	644	158830
217033	103001	53	5	176481	f	16.870423967740905	1	3	349	158134
205017	404016	30	5	35456	f	9.549296585513721	1	3	622	161330
2033069	103014	20	1	63829	f	6.366197723675814	1	4	924	154020
287710	303001	115	10	209915	f	36.60563691113593	1	2	1195	143589
286060	701002	41	6	82968	f	13.050705333535419	1	4	29	153935
239174	204082	36	5	133109	f	11.459155902616464	1	4	644	151065
243053	402014	100	15	98201	f	31.830988618379067	1	2	1402	139502
285409	3202021	69	13	32444	f	21.963382146681557	1	3	695	161200
287245	202010	160	18	209683	f	50.92958178940651	1	2	644	143577
2023190	208001	15	2	88603	f	4.7746482927568605	1	4	70	153898
208345	204024	165	15	44631	f	52.521131220325465	1	2	644	68947
300630	303002	40	6	96146	f	12.732395447351628	1	3	29	162680
279261	301003	37	6	171348	f	11.777465788800255	1	4	695	152028
247261	406001	105	10	83976	f	33.42253804929802	1	3	1362	163438
289003	701008	70	10	300	f	22.281692032865347	1	2	622	141544
2023130	1301008	30	5	173110	f	9.549296585513721	1	4	1243	152077
205086	101010	63	7	121714	f	20.053522829578814	1	3	622	158383
272017	806017	65	8	163023	f	20.690142601946395	1	2	622	144299
298218	1701004	65	8	185813	f	20.690142601946395	1	3	1549	158762
258469	103055	85	10	75527	f	27.05634032562221	1	2	644	140463
2021391	101002	20	5	26555	f	6.366197723675814	1	4	710	152612
2035843	202003	20	5	23131	f	6.366197723675814	1	4	639	153989
222338	3501006	21	5	170547	f	6.684507609859605	1	4	644	152000
276551	101009	95	16	57293	f	30.239439187460114	1	2	644	139615
218855	101002	95	8	64787	f	30.239439187460114	1	3	50	163645
265707	301020	30	7	166201	f	9.549296585513721	1	4	17	151903
2038557	202005	20	3	2118	f	6.366197723675814	1	4	639	153015
301211	202008	90	10	173198	f	28.64788975654116	1	2	644	143447
272108	101006	35	6	133527	f	11.140846016432674	1	4	622	151078
228298	101006	40	5	195054	f	12.732395447351628	1	4	804	150317
255170	202032	50	8	185412	f	15.915494309189533	1	2	29	143888
2024953	101011	40	5	54894	f	12.732395447351628	1	4	1243	153170
2031478	101008	20	1	42390	f	6.366197723675814	1	4	305	152796
272051	305009	45	7	24810	f	14.32394487827058	1	2	622	101777
214403	602019	35	7	182591	f	11.140846016432674	1	2	29	143076
248758	602008	25	5	164342	f	7.957747154594767	1	4	1514	151855
229717	402002	55	7	205797	f	17.507043740108486	1	3	1195	158019
278297	101009	45	5	155095	f	14.32394487827058	1	4	29	151588
249565	103057	95	12	152242	f	30.239439187460114	1	2	644	142320
229628	1202003	100	12	15091	f	31.830988618379067	1	2	1195	141263
284206	1101017	70	9	156274	f	22.281692032865347	1	3	1231	159170
228598	105002	65	5	174600	f	20.690142601946395	1	4	29	152121
205312	1004016	46	6	2436	f	14.642254764454371	1	4	622	154153
228775	101005	47	7	111418	f	14.960564650638162	1	3	29	162980
292119	404003	60	7	96787	f	19.098593171027442	1	4	622	154803
265852	2602001	85	12	156337	f	27.05634032562221	1	2	1243	141934
242748	202024	80	10	46466	f	25.464790894703256	1	3	644	162027
280733	101011	90	12	67192	f	28.64788975654116	1	2	644	139840
210995	301009	60	10	173434	f	19.098593171027442	1	2	695	143417
2034910	202016	43	8	58339	f	13.687325105903	1	4	29	152587
2029948	105001	35	6	66203	f	11.140846016432674	1	4	1358	154525
230164	1802012	90	12	88637	f	28.64788975654116	1	3	1438	163632
2026864	102002	25	5	196302	f	7.957747154594767	1	4	29	150349
251161	602048	45	7	47376	f	14.32394487827058	1	2	695	141533
285059	1101022	50	8	149331	f	15.915494309189533	1	4	1231	151448
203563	101002	30	6	166783	f	9.549296585513721	1	4	1231	151913
2035765	1202007	15	5	149185	f	4.7746482927568605	1	4	1514	151446
307667	715008	41	5	163873	f	13.050705333535419	1	4	29	151841
276452	202007	101	14	164961	f	32.14929850456286	1	2	587	144121
228733	602004	72	10	87158	f	22.91831180523293	1	3	29	163582
228870	202001	45	8	26491	f	14.32394487827058	1	4	29	152544
242695	202028	100	10	56557	f	31.830988618379067	1	2	644	139038
292212	105011	82	8	193335	f	26.101410667070837	1	3	1402	158516
278791	402006	95	10	162486	f	30.239439187460114	1	2	622	144338
214429	202012	75	7	95028	f	23.8732414637843	1	2	587	139664
229652	601003	65	10	9289	f	20.690142601946395	1	4	1195	154032
272557	610002	135	10	8382	f	42.97183463481174	1	2	1514	140197
234613	101001	80	12	157701	f	25.464790894703256	1	2	1243	141839
233895	301004	100	10	44724	f	31.830988618379067	1	2	629	65523
208023	302007	20	5	81234	f	6.366197723675814	1	4	644	155285
301687	1703008	70	8	106139	f	22.281692032865347	1	3	241	163317
267377	802024	45	5	205804	f	14.32394487827058	1	3	587	158018
211110	1202017	50	8	9406	f	15.915494309189533	1	3	695	161563
210087	1204040	125	10	159544	f	39.78873577297384	1	3	644	159366
2039789	101002	30	5	79499	f	9.549296585513721	1	4	1191	154848
2007675	301002	100	12	17635	f	31.830988618379067	1	4	956	154699
205254	202011	60	6	4839	f	19.098593171027442	1	2	622	139048
206106	103002	115	12	42248	f	36.60563691113593	1	2	644	139037
209995	802023	65	8	162399	f	20.690142601946395	1	3	644	157318
210792	202001	70	8	132251	f	22.281692032865347	1	2	695	144341
228641	204007	35	5	191581	f	11.140846016432674	1	4	29	150223
286035	402008	37	6	116060	f	11.777465788800255	1	4	702	154241
2034947	101020	42	5	21533	f	13.36901521971921	1	4	489	153166
234651	602006	60	8	112656	f	19.098593171027442	1	3	1243	162892
207860	401040	155	15	170408	f	49.33803235848755	1	2	644	143690
285370	2402011	74	8	141738	f	23.55493157760051	1	3	587	159161
301764	1004006	70	8	111741	f	22.281692032865347	1	3	241	162956
299540	202010	95	10	22502	f	30.239439187460114	1	2	644	56870
203924	202022	90	6	192300	f	28.64788975654116	1	2	1549	142549
281426	103057	47	6	205261	f	14.960564650638162	1	3	622	158042
282562	101017	65	7	193670	f	20.690142601946395	1	3	29	158502
286001	501011	48	7	9712	f	15.278874536821952	1	3	29	161577
208108	503003	85	10	116252	f	27.05634032562221	1	3	644	162546
228983	202007	40	5	3989	f	12.732395447351628	1	4	29	153751
286245	2602004	73	8	173522	f	23.23662169141672	1	3	587	157947
230181	2002001	100	12	51538	f	31.830988618379067	1	2	1438	141067
210721	301006	63	6	69601	f	20.053522829578814	1	2	695	140008
267306	202040	91	15	128154	f	28.966199642724952	1	2	1129	144103
260635	501003	20	5	104570	f	6.366197723675814	1	4	653	153700
243885	301045	148	13	118217	f	47.10986315520102	1	2	644	140296
209900	101021	185	15	57025	f	58.887328944001275	1	2	644	141441
207841	401028	20	5	109150	f	6.366197723675814	1	4	644	154058
208334	204012	105	15	192932	f	33.42253804929802	1	2	644	142580
297259	402018	25	5	136914	f	7.957747154594767	1	4	644	151159
233878	103015	110	10	138291	f	35.01408748021697	1	2	629	141779
209414	3701005	60	7	133592	f	19.098593171027442	1	3	644	157271
208669	1701038	110	15	70663	f	35.01408748021697	1	3	644	162885
293470	604008	132	14	70313	f	42.01690497626037	1	2	78	140058
272183	402013	160	20	87746	f	50.92958178940651	1	2	644	140375
208391	901011	55	10	141225	f	17.507043740108486	1	3	622	159189
265475	2101002	75	10	183476	f	23.8732414637843	1	2	1243	143321
258195	101007	55	8	48104	f	17.507043740108486	1	2	29	141455
208465	602009	70	8	1724	f	22.281692032865347	1	4	644	155073
253253	804006	30	5	125087	f	9.549296585513721	1	3	489	157597
292763	406010	73	8	159286	f	23.23662169141672	1	3	622	159352
278805	101010	50	5	106410	f	15.915494309189533	1	4	29	154999
228729	402008	49	6	139153	f	15.597184423005743	1	4	29	151215
281180	103046	50	6	104448	f	15.915494309189533	1	4	622	153442
249859	602007	105	8	102688	f	33.42253804929802	1	2	514	79013
228530	1301005	55	5	19405	f	17.507043740108486	1	2	29	141579
274957	501003	33	5	7886	f	10.504226244065093	1	3	745	161503
230215	301001	87	13	44713	f	27.69296009798979	1	3	1438	162141
273745	102006	65	5	126211	f	20.690142601946395	1	3	105	157548
247878	303021	47	9	82525	f	14.960564650638162	1	4	644	154636
294978	101006	115	16	35049	f	36.60563691113593	1	2	622	141600
203584	3002012	30	4	168858	f	9.549296585513721	1	4	951	151949
292565	204004	67	8	102421	f	21.326762374313976	1	3	622	163551
301249	1004002	60	10	169198	f	19.098593171027442	1	3	29	157693
265721	503014	35	6	123126	f	11.140846016432674	1	3	102	157682
285972	402010	56	9	2405	f	17.82535362629228	1	3	29	162156
228811	802018	37	6	192886	f	11.777465788800255	1	4	29	150270
300891	101009	100	10	109996	f	31.830988618379067	1	2	29	140393
258770	106024	25	6	111105	f	7.957747154594767	1	3	622	162997
227688	101015	50	5	77323	f	15.915494309189533	1	4	1297	154357
292261	204030	77	8	181847	f	24.50986123615188	1	3	622	157349
230165	1802013	85	12	98505	f	27.05634032562221	1	3	1438	162541
249586	202010	65	10	198305	f	20.690142601946395	1	2	514	142904
242785	501005	90	12	205798	f	28.64788975654116	1	2	1195	143322
264293	1202009	91	9	174937	f	28.966199642724952	1	2	1243	143298
205315	101040	33	6	26735	f	10.504226244065093	1	3	622	125878
207961	102038	80	8	60309	f	25.464790894703256	1	2	644	141112
301809	1303005	35	4	172543	f	11.140846016432674	1	4	381	152060
282616	1402006	70	8	95687	f	22.281692032865347	1	2	29	139713
286483	1301001	45	8	148603	f	14.32394487827058	1	3	29	158910
264652	602019	55	8	204253	f	17.507043740108486	1	3	1243	158080
242744	202008	100	10	89529	f	31.830988618379067	1	2	644	143760
2035660	501005	20	4	154643	f	6.366197723675814	1	4	464	151575
262852	103009	75	12	70249	f	23.8732414637843	1	3	644	162868
207955	102025	95	7	8840	f	30.239439187460114	1	2	644	140330
259195	301003	40	7	145153	f	12.732395447351628	1	3	29	159051
2040267	402003	25	5	198484	f	7.957747154594767	1	4	1191	150402
263003	101002	89	11	145429	f	28.32957987035737	1	3	644	159039
299670	202002	90	10	32198	f	28.64788975654116	1	3	644	161183
257641	101011	60	6	51803	f	19.098593171027442	1	3	622	161665
210812	202007	35	5	134537	f	11.140846016432674	1	4	695	151108
234682	301001	49	6	60753	f	15.597184423005743	1	3	1243	163010
228102	202007	70	6	204544	f	22.281692032865347	1	4	1289	150556
270645	101005	160	20	44539	f	50.92958178940651	1	2	1138	71819
272172	401017	173	24	73278	f	55.06761030979579	1	2	956	140277
258714	103036	25	6	173364	f	7.957747154594767	1	3	622	159430
244808	102001	75	7	152159	f	23.8732414637843	1	2	514	142330
285862	301002	34	6	51096	f	10.822536130248883	1	2	29	141117
204041	101001	48	6	107188	f	15.278874536821952	1	3	975	163251
301065	101008	80	8	152873	f	25.464790894703256	1	2	695	142254
244874	101041	46	6	138950	f	14.642254764454371	1	4	622	151209
292742	204001	30	5	202298	f	9.549296585513721	1	4	622	150503
283807	3101029	78	9	34616	f	24.82817112233567	1	2	587	141464
277236	701011	25	5	71984	f	7.957747154594767	1	4	622	153096
286028	901003	41	7	27540	f	13.050705333535419	1	4	29	153370
232484	602002	45	7	94189	f	14.32394487827058	1	4	1243	153745
250957	802005	35	7	39788	f	11.140846016432674	1	3	369	161126
228504	202008	60	6	42358	f	19.098593171027442	1	2	29	139022
268670	101004	15	5	54505	f	4.7746482927568605	1	4	1018	152848
288282	802005	80	10	38125	f	25.464790894703256	1	2	644	141099
209294	102030	53	8	97540	f	16.870423967740905	1	3	644	162600
285230	701015	240	19	78136	f	76.39437268410977	1	1	1138	163715
229128	802002	55	10	78578	f	17.507043740108486	1	3	29	163241
292805	204008	56	7	161290	f	17.82535362629228	1	4	622	151768
292596	101009	39	7	9927	f	12.414085561167836	1	4	702	154681
2022070	1202051	30	5	174559	f	9.549296585513721	1	4	644	152120
285489	701008	194	16	196208	f	61.75211791965539	1	2	1138	142777
2021679	101001	70	8	181434	f	22.281692032865347	1	2	29	142748
278405	101016	20	3	146320	f	6.366197723675814	1	4	29	151386
208270	503004	120	15	208391	f	38.197186342054884	1	2	644	143494
203996	701011	47	9	32436	f	14.960564650638162	1	3	29	161198
282572	1402014	65	8	66140	f	20.690142601946395	1	2	29	139762
205806	105020	25	4	160094	f	7.957747154594767	1	4	644	151737
209194	401013	70	10	2408	f	22.281692032865347	1	2	644	70838
2035638	501012	20	4	182294	f	6.366197723675814	1	4	464	149972
209287	303016	51	10	70966	f	16.233804195373324	1	3	644	162901
227028	101012	50	6	8165	f	15.915494309189533	1	3	702	161511
244872	101049	140	13	210283	f	44.563384065730695	1	2	644	143606
261026	101008	43	6	94688	f	13.687325105903	1	4	702	154447
290531	101002	70	10	7135	f	22.281692032865347	1	2	1438	139796
230028	101019	38	6	46447	f	12.095775674984045	1	4	1402	152509
255964	402017	65	5	117201	f	20.690142601946395	1	4	181	153043
208910	101009	120	10	171342	f	38.197186342054884	1	2	644	143615
242134	101004	40	5	98643	f	12.732395447351628	1	3	29	162531
214485	503006	65	6	146148	f	20.690142601946395	1	4	241	151377
258624	2202007	35	7	78350	f	11.140846016432674	1	3	1191	163229
236831	206002	22	4	100602	f	7.002817496043395	1	4	622	154403
249755	202014	70	10	161136	f	22.281692032865347	1	2	514	144449
271975	406005	25	5	67029	f	7.957747154594767	1	4	417	153669
233729	101007	105	15	8137	f	33.42253804929802	1	2	1540	140105
291619	101011	45	5	105333	f	14.32394487827058	1	3	29	163352
296020	202019	80	10	16076	f	25.464790894703256	1	2	1231	141332
283982	901018	56	6	60759	f	17.82535362629228	1	3	1231	163019
204841	202028	55	7	24651	f	17.507043740108486	1	3	622	162215
285133	301004	70	11	84404	f	22.281692032865347	1	2	29	139637
289548	202004	30	5	28943	f	9.549296585513721	1	4	644	154407
208992	204004	80	8	74040	f	25.464790894703256	1	2	644	140338
255896	602019	95	8	55149	f	30.239439187460114	1	3	181	161476
229201	101004	55	8	104721	f	17.507043740108486	1	3	29	163391
285436	303010	115	8	126088	f	36.60563691113593	1	2	587	143982
204983	305009	37	6	124618	f	11.777465788800255	1	4	622	150859
205344	102005	55	7	77616	f	17.507043740108486	1	4	622	154432
285974	701008	62	9	72223	f	19.735212943395023	1	3	29	162958
269379	2402037	45	5	74217	f	14.32394487827058	1	4	1514	153650
209782	102017	55	8	199236	f	17.507043740108486	1	2	644	142958
279198	501013	80	8	176289	f	25.464790894703256	1	2	29	143205
264619	303025	105	12	7646	f	33.42253804929802	1	2	644	139950
288984	1101015	35	5	66073	f	11.140846016432674	1	4	622	154264
270582	101003	80	8	154629	f	25.464790894703256	1	4	1402	151574
286021	3202019	76	10	170480	f	24.19155134996809	1	3	587	157769
283697	802007	53	8	137682	f	16.870423967740905	1	3	1231	159323
291744	1202004	20	5	31075	f	6.366197723675814	1	4	644	155165
287143	503011	70	15	150048	f	22.281692032865347	1	2	1195	142454
289129	202003	85	5	126352	f	27.05634032562221	1	2	1091	144001
218845	808001	120	10	117815	f	38.197186342054884	1	3	50	163198
205422	202011	70	5	135333	f	22.281692032865347	1	3	622	159419
292475	103016	55	7	169178	f	17.507043740108486	1	4	1402	151967
266873	402013	100	10	40356	f	31.830988618379067	1	2	644	139271
265797	202007	50	7	173427	f	15.915494309189533	1	3	1191	157942
209215	402008	190	15	12579	f	60.47887837492023	1	2	644	141073
204912	1301001	50	5	185305	f	15.915494309189533	1	3	622	110522
241950	1701002	150	20	177185	f	47.7464829275686	1	2	644	143124
2035584	101007	20	5	189492	f	6.366197723675814	1	4	1124	150167
347826	804006	45	6	121300	f	14.32394487827058	1	4	695	152279
286157	602009	28	5	180154	f	8.91267681314614	1	4	29	149903
2021725	101005	36	6	155046	f	11.459155902616464	1	4	1478	151587
301108	101030	90	8	61824	f	28.64788975654116	1	2	695	140002
2038668	101001	30	5	26388	f	9.549296585513721	1	4	639	155586
214452	202035	75	9	25242	f	23.8732414637843	1	2	587	109744
279233	802004	45	7	172715	f	14.32394487827058	1	4	644	152064
286388	402001	30	5	191713	f	9.549296585513721	1	4	975	150230
242060	101018	40	5	127284	f	12.732395447351628	1	3	29	157509
293935	501007	60	8	26521	f	19.098593171027442	1	2	587	138976
238981	402013	47	6	179796	f	14.960564650638162	1	4	622	150786
247822	101009	35	5	2048	f	11.140846016432674	1	4	644	152806
255509	1002016	115	12	183885	f	36.60563691113593	1	2	198	143446
205012	101043	39	5	110414	f	12.414085561167836	1	4	622	89294
271185	1204002	130	15	153862	f	41.38028520389279	1	2	644	142172
243739	404006	103	11	137341	f	32.78591827693044	1	2	644	141724
2031999	201005	25	3	115371	f	7.957747154594767	1	4	653	155321
284065	2301002	88	9	182744	f	28.01126998417358	1	2	587	143131
287325	503012	40	6	178292	f	12.732395447351628	1	4	1195	152222
255869	3701018	35	5	112490	f	11.140846016432674	1	4	951	152886
215174	101001	45	12	125723	f	14.32394487827058	1	4	1191	150877
272050	206009	120	12	23531	f	38.197186342054884	1	2	644	74250
205310	101018	48	6	101991	f	15.278874536821952	1	4	622	153832
307672	715012	45	6	53787	f	14.32394487827058	1	4	29	153930
208725	1004056	45	5	135676	f	14.32394487827058	1	4	622	151131
260637	1202004	32	5	28358	f	10.185916357881302	1	4	1402	153995
203651	202002	70	8	123417	f	22.281692032865347	1	2	198	143831
285908	402002	70	11	135192	f	22.281692032865347	1	2	29	144495
264239	802005	50	8	187515	f	15.915494309189533	1	3	1243	158706
265319	101035	45	7	995	f	14.32394487827058	1	2	29	141134
254887	1002012	45	7	103810	f	14.32394487827058	1	3	198	163453
208244	103008	80	10	132851	f	25.464790894703256	1	4	644	151061
278393	301033	85	12	206602	f	27.05634032562221	1	2	695	143377
250954	202006	45	8	160165	f	14.32394487827058	1	3	369	159404
203526	101027	50	7	142924	f	15.915494309189533	1	3	901	159127
234118	101004	20	5	40308	f	6.366197723675814	1	4	653	155217
254342	901072	30	5	94327	f	9.549296585513721	1	4	69	153950
283768	1501027	86	10	16155	f	27.374650211806	1	3	1231	161853
279044	202002	50	10	129813	f	15.915494309189533	1	3	587	157423
291664	501004	40	5	190075	f	12.732395447351628	1	3	587	158622
264629	301010	20	4	52880	f	6.366197723675814	1	4	1243	155313
278786	103003	75	15	161786	f	23.8732414637843	1	2	1129	144394
236650	202012	45	7	164474	f	14.32394487827058	1	3	29	157442
236207	1802011	53	7	155968	f	16.870423967740905	1	3	1514	159157
210697	202007	110	5	80648	f	35.01408748021697	1	2	695	140837
\.


--
-- Data for Name: version; Type: TABLE DATA; Schema: public; Owner: -
--

COPY public.version (id, version, description, current) FROM stdin;
1	01	loaded from csv; UTF8 and valid header;	f
2	02	data types; primary key	f
3	03	normalized	t
\.


--
-- Name: locations_id_seq; Type: SEQUENCE SET; Schema: public; Owner: -
--

SELECT pg_catalog.setval('public.locations_id_seq', 211339, true);


--
-- Name: taxonomy_id_seq; Type: SEQUENCE SET; Schema: public; Owner: -
--

SELECT pg_catalog.setval('public.taxonomy_id_seq', 1598, true);


--
-- Name: tree_domains_id_seq; Type: SEQUENCE SET; Schema: public; Owner: -
--

SELECT pg_catalog.setval('public.tree_domains_id_seq', 9, true);


--
-- Name: tree_genres_id_seq; Type: SEQUENCE SET; Schema: public; Owner: -
--

SELECT pg_catalog.setval('public.tree_genres_id_seq', 191, true);


--
-- Name: tree_names_id_seq; Type: SEQUENCE SET; Schema: public; Owner: -
--

SELECT pg_catalog.setval('public.tree_names_id_seq', 428, true);


--
-- Name: tree_species_id_seq; Type: SEQUENCE SET; Schema: public; Owner: -
--

SELECT pg_catalog.setval('public.tree_species_id_seq', 602, true);


--
-- Name: tree_stages_id_seq; Type: SEQUENCE SET; Schema: public; Owner: -
--

SELECT pg_catalog.setval('public.tree_stages_id_seq', 4, true);


--
-- Name: tree_varieties_id_seq; Type: SEQUENCE SET; Schema: public; Owner: -
--

SELECT pg_catalog.setval('public.tree_varieties_id_seq', 569, true);


--
-- Name: trees_id_seq; Type: SEQUENCE SET; Schema: public; Owner: -
--

SELECT pg_catalog.setval('public.trees_id_seq', 211339, true);


--
-- Name: version_id_seq; Type: SEQUENCE SET; Schema: public; Owner: -
--

SELECT pg_catalog.setval('public.version_id_seq', 3, true);


--
-- Name: locations locations_pkey; Type: CONSTRAINT; Schema: public; Owner: -
--

ALTER TABLE ONLY public.locations
    ADD CONSTRAINT locations_pkey PRIMARY KEY (id);


--
-- Name: taxonomy taxonomy_name_id_genre_id_species_id_variety_id_key; Type: CONSTRAINT; Schema: public; Owner: -
--

ALTER TABLE ONLY public.taxonomy
    ADD CONSTRAINT taxonomy_name_id_genre_id_species_id_variety_id_key UNIQUE (name_id, genre_id, species_id, variety_id);


--
-- Name: taxonomy taxonomy_pkey; Type: CONSTRAINT; Schema: public; Owner: -
--

ALTER TABLE ONLY public.taxonomy
    ADD CONSTRAINT taxonomy_pkey PRIMARY KEY (id);


--
-- Name: tree_domains tree_domains_pkey; Type: CONSTRAINT; Schema: public; Owner: -
--

ALTER TABLE ONLY public.tree_domains
    ADD CONSTRAINT tree_domains_pkey PRIMARY KEY (id);


--
-- Name: tree_genres tree_genres_genre_key; Type: CONSTRAINT; Schema: public; Owner: -
--

ALTER TABLE ONLY public.tree_genres
    ADD CONSTRAINT tree_genres_genre_key UNIQUE (genre);


--
-- Name: tree_genres tree_genres_pkey; Type: CONSTRAINT; Schema: public; Owner: -
--

ALTER TABLE ONLY public.tree_genres
    ADD CONSTRAINT tree_genres_pkey PRIMARY KEY (id);


--
-- Name: tree_names tree_names_name_key; Type: CONSTRAINT; Schema: public; Owner: -
--

ALTER TABLE ONLY public.tree_names
    ADD CONSTRAINT tree_names_name_key UNIQUE (name);


--
-- Name: tree_names tree_names_pkey; Type: CONSTRAINT; Schema: public; Owner: -
--

ALTER TABLE ONLY public.tree_names
    ADD CONSTRAINT tree_names_pkey PRIMARY KEY (id);


--
-- Name: tree_species tree_species_pkey; Type: CONSTRAINT; Schema: public; Owner: -
--

ALTER TABLE ONLY public.tree_species
    ADD CONSTRAINT tree_species_pkey PRIMARY KEY (id);


--
-- Name: tree_species tree_species_species_key; Type: CONSTRAINT; Schema: public; Owner: -
--

ALTER TABLE ONLY public.tree_species
    ADD CONSTRAINT tree_species_species_key UNIQUE (species);


--
-- Name: tree_stages tree_stages_pkey; Type: CONSTRAINT; Schema: public; Owner: -
--

ALTER TABLE ONLY public.tree_stages
    ADD CONSTRAINT tree_stages_pkey PRIMARY KEY (id);


--
-- Name: tree_varieties tree_varieties_pkey; Type: CONSTRAINT; Schema: public; Owner: -
--

ALTER TABLE ONLY public.tree_varieties
    ADD CONSTRAINT tree_varieties_pkey PRIMARY KEY (id);


--
-- Name: tree_varieties tree_varieties_variety_key; Type: CONSTRAINT; Schema: public; Owner: -
--

ALTER TABLE ONLY public.tree_varieties
    ADD CONSTRAINT tree_varieties_variety_key UNIQUE (variety);


--
-- Name: trees trees_pkey; Type: CONSTRAINT; Schema: public; Owner: -
--

ALTER TABLE ONLY public.trees
    ADD CONSTRAINT trees_pkey PRIMARY KEY (id);


--
-- Name: version version_pkey; Type: CONSTRAINT; Schema: public; Owner: -
--

ALTER TABLE ONLY public.version
    ADD CONSTRAINT version_pkey PRIMARY KEY (id);


--
-- Name: trees fk_location; Type: FK CONSTRAINT; Schema: public; Owner: -
--

ALTER TABLE ONLY public.trees
    ADD CONSTRAINT fk_location FOREIGN KEY (location_id) REFERENCES public.locations(id);


--
-- Name: trees fk_taxonomy; Type: FK CONSTRAINT; Schema: public; Owner: -
--

ALTER TABLE ONLY public.trees
    ADD CONSTRAINT fk_taxonomy FOREIGN KEY (taxonomy_id) REFERENCES public.taxonomy(id);


--
-- Name: trees fk_tree_domain; Type: FK CONSTRAINT; Schema: public; Owner: -
--

ALTER TABLE ONLY public.trees
    ADD CONSTRAINT fk_tree_domain FOREIGN KEY (domain_id) REFERENCES public.tree_domains(id);


--
-- Name: trees fk_tree_stage; Type: FK CONSTRAINT; Schema: public; Owner: -
--

ALTER TABLE ONLY public.trees
    ADD CONSTRAINT fk_tree_stage FOREIGN KEY (stage_id) REFERENCES public.tree_stages(id);


--
-- Name: taxonomy taxonomy_genre_id_fkey; Type: FK CONSTRAINT; Schema: public; Owner: -
--

ALTER TABLE ONLY public.taxonomy
    ADD CONSTRAINT taxonomy_genre_id_fkey FOREIGN KEY (genre_id) REFERENCES public.tree_genres(id);


--
-- Name: taxonomy taxonomy_name_id_fkey; Type: FK CONSTRAINT; Schema: public; Owner: -
--

ALTER TABLE ONLY public.taxonomy
    ADD CONSTRAINT taxonomy_name_id_fkey FOREIGN KEY (name_id) REFERENCES public.tree_names(id);


--
-- Name: taxonomy taxonomy_species_id_fkey; Type: FK CONSTRAINT; Schema: public; Owner: -
--

ALTER TABLE ONLY public.taxonomy
    ADD CONSTRAINT taxonomy_species_id_fkey FOREIGN KEY (species_id) REFERENCES public.tree_species(id);


--
-- Name: taxonomy taxonomy_variety_id_fkey; Type: FK CONSTRAINT; Schema: public; Owner: -
--

ALTER TABLE ONLY public.taxonomy
    ADD CONSTRAINT taxonomy_variety_id_fkey FOREIGN KEY (variety_id) REFERENCES public.tree_varieties(id);


--
-- PostgreSQL database dump complete
--

